Manager,Team,State,County,Region
Carson,1,NC,Alamance,VA/Carolinas
Carson,1,NC,Alexander,VA/Carolinas
Carson,1,NC,Alleghany,VA/Carolinas
Carson,1,NC,Anson,VA/Carolinas
Carson,1,NC,Ashe,VA/Carolinas
Carson,1,NC,Avery,VA/Carolinas
Carson,1,NC,Beaufort,VA/Carolinas
Carson,1,NC,Bertie,VA/Carolinas
Carson,1,NC,Bladen,VA/Carolinas
Carson,1,NC,Brunswick,VA/Carolinas
Carson,1,NC,Buncombe,VA/Carolinas
Carson,1,NC,Burke,VA/Carolinas
Carson,1,NC,Cabarrus,VA/Carolinas
Carson,1,NC,Caldwell,VA/Carolinas
Carson,1,NC,Camden,VA/Carolinas
Carson,1,NC,Carteret,VA/Carolinas
Carson,1,NC,Caswell,VA/Carolinas
Carson,1,NC,Catawba,VA/Carolinas
Carson,1,NC,Chatham,VA/Carolinas
Carson,1,NC,Cherokee,VA/Carolinas
Carson,1,NC,Chowan,VA/Carolinas
Carson,1,NC,Clay,VA/Carolinas
Carson,1,NC,Cleveland,VA/Carolinas
Carson,1,NC,Columbus,VA/Carolinas
Carson,1,NC,Craven,VA/Carolinas
Carson,1,NC,Cumberland,VA/Carolinas
Carson,1,NC,Currituck,VA/Carolinas
Carson,1,NC,Dare,VA/Carolinas
Carson,1,NC,Davidson,VA/Carolinas
Carson,1,NC,Davie,VA/Carolinas
Carson,1,NC,Duplin,VA/Carolinas
Carson,1,NC,Durham,VA/Carolinas
Carson,1,NC,Edgecombe,VA/Carolinas
Carson,1,NC,Forsyth,VA/Carolinas
Carson,1,NC,Franklin,VA/Carolinas
Carson,1,NC,Gaston,VA/Carolinas
Carson,1,NC,Gates,VA/Carolinas
Carson,1,NC,Graham,VA/Carolinas
Carson,1,NC,Granville,VA/Carolinas
Carson,1,NC,Greene,VA/Carolinas
Carson,1,NC,Guilford,VA/Carolinas
Carson,1,NC,Halifax,VA/Carolinas
Carson,1,NC,Harnett,VA/Carolinas
Carson,1,NC,Haywood,VA/Carolinas
Carson,1,NC,Henderson,VA/Carolinas
Carson,1,NC,Hertford,VA/Carolinas
Carson,1,NC,Hoke,VA/Carolinas
Carson,1,NC,Hyde,VA/Carolinas
Carson,1,NC,Iredell,VA/Carolinas
Carson,1,NC,Jackson,VA/Carolinas
Carson,1,NC,Johnston,VA/Carolinas
Carson,1,NC,Jones,VA/Carolinas
Carson,1,NC,Lee,VA/Carolinas
Carson,1,NC,Lenoir,VA/Carolinas
Carson,1,NC,Lincoln,VA/Carolinas
Carson,1,NC,Macon,VA/Carolinas
Carson,1,NC,Madison,VA/Carolinas
Carson,1,NC,Martin,VA/Carolinas
Carson,1,NC,McDowell,VA/Carolinas
Carson,1,NC,Mecklenburg,VA/Carolinas
Carson,1,NC,Mitchell,VA/Carolinas
Carson,1,NC,Montgomery,VA/Carolinas
Carson,1,NC,Moore,VA/Carolinas
Carson,1,NC,Nash,VA/Carolinas
Carson,1,NC,New Hanover,VA/Carolinas
Carson,1,NC,Northampton,VA/Carolinas
Carson,1,NC,Onslow,VA/Carolinas
Carson,1,NC,Orange,VA/Carolinas
Carson,1,NC,Pamlico,VA/Carolinas
Carson,1,NC,Pasquotank,VA/Carolinas
Carson,1,NC,Pender,VA/Carolinas
Carson,1,NC,Perquimans,VA/Carolinas
Carson,1,NC,Person,VA/Carolinas
Carson,1,NC,Pitt,VA/Carolinas
Carson,1,NC,Polk,VA/Carolinas
Carson,1,NC,Randolph,VA/Carolinas
Carson,1,NC,Richmond,VA/Carolinas
Carson,1,NC,Robeson,VA/Carolinas
Carson,1,NC,Rockingham,VA/Carolinas
Carson,1,NC,Rowan,VA/Carolinas
Carson,1,NC,Rutherford,VA/Carolinas
Carson,1,NC,Sampson,VA/Carolinas
Carson,1,NC,Scotland,VA/Carolinas
Carson,1,NC,Stanly,VA/Carolinas
Carson,1,NC,Stokes,VA/Carolinas
Carson,1,NC,Surry,VA/Carolinas
Carson,1,NC,Swain,VA/Carolinas
Carson,1,NC,Transylvania,VA/Carolinas
Carson,1,NC,Tyrrell,VA/Carolinas
Carson,1,NC,Union,VA/Carolinas
Carson,1,NC,Vance,VA/Carolinas
Carson,1,NC,Wake,VA/Carolinas
Carson,1,NC,Warren,VA/Carolinas
Carson,1,NC,Washington,VA/Carolinas
Carson,1,NC,Watauga,VA/Carolinas
Carson,1,NC,Wayne,VA/Carolinas
Carson,1,NC,Wilkes,VA/Carolinas
Carson,1,NC,Wilson,VA/Carolinas
Carson,1,NC,Yadkin,VA/Carolinas
Carson,1,NC,Yancey,VA/Carolinas
Carson,1,SC,Abbeville,VA/Carolinas
Carson,1,SC,Aiken,VA/Carolinas
Carson,1,SC,Allendale,VA/Carolinas
Carson,1,SC,Anderson,VA/Carolinas
Carson,1,SC,Bamberg,VA/Carolinas
Carson,1,SC,Barnwell,VA/Carolinas
Carson,1,SC,Beaufort,VA/Carolinas
Carson,1,SC,Berkeley,VA/Carolinas
Carson,1,SC,Calhoun,VA/Carolinas
Carson,1,SC,Charleston,VA/Carolinas
Carson,1,SC,Cherokee,VA/Carolinas
Carson,1,SC,Chester,VA/Carolinas
Carson,1,SC,Chesterfield,VA/Carolinas
Carson,1,SC,Clarendon,VA/Carolinas
Carson,1,SC,Colleton,VA/Carolinas
Carson,1,SC,Darlington,VA/Carolinas
Carson,1,SC,Dillon,VA/Carolinas
Carson,1,SC,Dorchester,VA/Carolinas
Carson,1,SC,Edgefield,VA/Carolinas
Carson,1,SC,Fairfield,VA/Carolinas
Carson,1,SC,Florence,VA/Carolinas
Carson,1,SC,Georgetown,VA/Carolinas
Carson,1,SC,Greenville,VA/Carolinas
Carson,1,SC,Greenwood,VA/Carolinas
Carson,1,SC,Hampton,VA/Carolinas
Carson,1,SC,Horry,VA/Carolinas
Carson,1,SC,Jasper,VA/Carolinas
Carson,1,SC,Kershaw,VA/Carolinas
Carson,1,SC,Lancaster,VA/Carolinas
Carson,1,SC,Laurens,VA/Carolinas
Carson,1,SC,Lee,VA/Carolinas
Carson,1,SC,Lexington,VA/Carolinas
Carson,1,SC,Marion,VA/Carolinas
Carson,1,SC,Marlboro,VA/Carolinas
Carson,1,SC,McCormick,VA/Carolinas
Carson,1,SC,Newberry,VA/Carolinas
Carson,1,SC,Oconee,VA/Carolinas
Carson,1,SC,Orangeburg,VA/Carolinas
Carson,1,SC,Pickens,VA/Carolinas
Carson,1,SC,Richland,VA/Carolinas
Carson,1,SC,Saluda,VA/Carolinas
Carson,1,SC,Spartanburg,VA/Carolinas
Carson,1,SC,Sumter,VA/Carolinas
Carson,1,SC,Union,VA/Carolinas
Carson,1,SC,Williamsburg,VA/Carolinas
Carson,1,SC,York,VA/Carolinas
Carson,1,VA,Accomack,VA/Carolinas
Carson,1,VA,Albemarle,VA/Carolinas
Carson,1,VA,Alexandria City,VA/Carolinas
Carson,1,VA,Alleghany,VA/Carolinas
Carson,1,VA,Amelia,VA/Carolinas
Carson,1,VA,Amherst,VA/Carolinas
Carson,1,VA,Appomattox,VA/Carolinas
Carson,1,VA,Arlington,VA/Carolinas
Carson,1,VA,Augusta,VA/Carolinas
Carson,1,VA,Bath,VA/Carolinas
Carson,1,VA,Bedford,VA/Carolinas
Carson,1,VA,Bland,VA/Carolinas
Carson,1,VA,Botetourt,VA/Carolinas
Carson,1,VA,Bristol City,VA/Carolinas
Carson,1,VA,Brunswick,VA/Carolinas
Carson,1,VA,Buchanan,VA/Carolinas
Carson,1,VA,Buckingham,VA/Carolinas
Carson,1,VA,Buena Vista City,VA/Carolinas
Carson,1,VA,Campbell,VA/Carolinas
Carson,1,VA,Caroline,VA/Carolinas
Carson,1,VA,Carroll,VA/Carolinas
Carson,1,VA,Charles City,VA/Carolinas
Carson,1,VA,Charlotte,VA/Carolinas
Carson,1,VA,Charlottesville City,VA/Carolinas
Carson,1,VA,Chesapeake City,VA/Carolinas
Carson,1,VA,Chesterfield,VA/Carolinas
Carson,1,VA,Clarke,VA/Carolinas
Carson,1,VA,Colonial Heights City,VA/Carolinas
Carson,1,VA,Covington City,VA/Carolinas
Carson,1,VA,Craig,VA/Carolinas
Carson,1,VA,Culpeper,VA/Carolinas
Carson,1,VA,Cumberland,VA/Carolinas
Carson,1,VA,Danville City,VA/Carolinas
Carson,1,VA,Dickenson,VA/Carolinas
Carson,1,VA,Dinwiddie,VA/Carolinas
Carson,1,VA,Emporia City,VA/Carolinas
Carson,1,VA,Essex,VA/Carolinas
Carson,1,VA,Fairfax,VA/Carolinas
Carson,1,VA,Fairfax City,VA/Carolinas
Carson,1,VA,Falls Church City,VA/Carolinas
Carson,1,VA,Fauquier,VA/Carolinas
Carson,1,VA,Floyd,VA/Carolinas
Carson,1,VA,Fluvanna,VA/Carolinas
Carson,1,VA,Franklin,VA/Carolinas
Carson,1,VA,Franklin City,VA/Carolinas
Carson,1,VA,Frederick,VA/Carolinas
Carson,1,VA,Fredericksburg City,VA/Carolinas
Carson,1,VA,Galax City,VA/Carolinas
Carson,1,VA,Giles,VA/Carolinas
Carson,1,VA,Gloucester,VA/Carolinas
Carson,1,VA,Goochland,VA/Carolinas
Carson,1,VA,Grayson,VA/Carolinas
Carson,1,VA,Greene,VA/Carolinas
Carson,1,VA,Greensville,VA/Carolinas
Carson,1,VA,Halifax,VA/Carolinas
Carson,1,VA,Hampton City,VA/Carolinas
Carson,1,VA,Hanover,VA/Carolinas
Carson,1,VA,Harrisonburg City,VA/Carolinas
Carson,1,VA,Henrico,VA/Carolinas
Carson,1,VA,Henry,VA/Carolinas
Carson,1,VA,Highland,VA/Carolinas
Carson,1,VA,Hopewell City,VA/Carolinas
Carson,1,VA,Isle of Wight,VA/Carolinas
Carson,1,VA,James City,VA/Carolinas
Carson,1,VA,King and Queen,VA/Carolinas
Carson,1,VA,King George,VA/Carolinas
Carson,1,VA,King William,VA/Carolinas
Carson,1,VA,Lancaster,VA/Carolinas
Carson,1,VA,Lee,VA/Carolinas
Carson,1,VA,Lexington City,VA/Carolinas
Carson,1,VA,Loudoun,VA/Carolinas
Carson,1,VA,Louisa,VA/Carolinas
Carson,1,VA,Lunenburg,VA/Carolinas
Carson,1,VA,Lynchburg City,VA/Carolinas
Carson,1,VA,Madison,VA/Carolinas
Carson,1,VA,Manassas City,VA/Carolinas
Carson,1,VA,Manassas Park City,VA/Carolinas
Carson,1,VA,Martinsville City,VA/Carolinas
Carson,1,VA,Mathews,VA/Carolinas
Carson,1,VA,Mecklenburg,VA/Carolinas
Carson,1,VA,Middlesex,VA/Carolinas
Carson,1,VA,Montgomery,VA/Carolinas
Carson,1,VA,Nelson,VA/Carolinas
Carson,1,VA,New Kent,VA/Carolinas
Carson,1,VA,Newport News City,VA/Carolinas
Carson,1,VA,Norfolk City,VA/Carolinas
Carson,1,VA,Northampton,VA/Carolinas
Carson,1,VA,Northumberland,VA/Carolinas
Carson,1,VA,Norton City,VA/Carolinas
Carson,1,VA,Nottoway,VA/Carolinas
Carson,1,VA,Orange,VA/Carolinas
Carson,1,VA,Page,VA/Carolinas
Carson,1,VA,Patrick,VA/Carolinas
Carson,1,VA,Petersburg City,VA/Carolinas
Carson,1,VA,Pittsylvania,VA/Carolinas
Carson,1,VA,Poquoson City,VA/Carolinas
Carson,1,VA,Portsmouth City,VA/Carolinas
Carson,1,VA,Powhatan,VA/Carolinas
Carson,1,VA,Prince Edward,VA/Carolinas
Carson,1,VA,Prince George,VA/Carolinas
Carson,1,VA,Prince William,VA/Carolinas
Carson,1,VA,Pulaski,VA/Carolinas
Carson,1,VA,Radford City,VA/Carolinas
Carson,1,VA,Rappahannock,VA/Carolinas
Carson,1,VA,Richmond,VA/Carolinas
Carson,1,VA,Richmond City,VA/Carolinas
Carson,1,VA,Roanoke,VA/Carolinas
Carson,1,VA,Roanoke City,VA/Carolinas
Carson,1,VA,Rockbridge,VA/Carolinas
Carson,1,VA,Rockingham,VA/Carolinas
Carson,1,VA,Russell,VA/Carolinas
Carson,1,VA,Salem City,VA/Carolinas
Carson,1,VA,Scott,VA/Carolinas
Carson,1,VA,Shenandoah,VA/Carolinas
Carson,1,VA,Smyth,VA/Carolinas
Carson,1,VA,Southampton,VA/Carolinas
Carson,1,VA,Spotsylvania,VA/Carolinas
Carson,1,VA,Stafford,VA/Carolinas
Carson,1,VA,Staunton City,VA/Carolinas
Carson,1,VA,Suffolk City,VA/Carolinas
Carson,1,VA,Surry,VA/Carolinas
Carson,1,VA,Sussex,VA/Carolinas
Carson,1,VA,Tazewell,VA/Carolinas
Carson,1,VA,Virginia Beach City,VA/Carolinas
Carson,1,VA,Warren,VA/Carolinas
Carson,1,VA,Washington,VA/Carolinas
Carson,1,VA,Waynesboro City,VA/Carolinas
Carson,1,VA,Westmoreland,VA/Carolinas
Carson,1,VA,Williamsburg City,VA/Carolinas
Carson,1,VA,Winchester City,VA/Carolinas
Carson,1,VA,Wise,VA/Carolinas
Carson,1,VA,Wythe,VA/Carolinas
Carson,1,VA,York,VA/Carolinas
Carson,2,AL,Autauga,Southeast
Carson,2,AL,Baldwin,Southeast
Carson,2,AL,Barbour,Southeast
Carson,2,AL,Bibb,Southeast
Carson,2,AL,Blount,Southeast
Carson,2,AL,Bullock,Southeast
Carson,2,AL,Butler,Southeast
Carson,2,AL,Calhoun,Southeast
Carson,2,AL,Chambers,Southeast
Carson,2,AL,Cherokee,Southeast
Carson,2,AL,Chilton,Southeast
Carson,2,AL,Choctaw,Southeast
Carson,2,AL,Clarke,Southeast
Carson,2,AL,Clay,Southeast
Carson,2,AL,Cleburne,Southeast
Carson,2,AL,Coffee,Southeast
Carson,2,AL,Colbert,Southeast
Carson,2,AL,Conecuh,Southeast
Carson,2,AL,Coosa,Southeast
Carson,2,AL,Covington,Southeast
Carson,2,AL,Crenshaw,Southeast
Carson,2,AL,Cullman,Southeast
Carson,2,AL,Dale,Southeast
Carson,2,AL,Dallas,Southeast
Carson,2,AL,DeKalb,Southeast
Carson,2,AL,Elmore,Southeast
Carson,2,AL,Escambia,Southeast
Carson,2,AL,Etowah,Southeast
Carson,2,AL,Fayette,Southeast
Carson,2,AL,Franklin,Southeast
Carson,2,AL,Geneva,Southeast
Carson,2,AL,Greene,Southeast
Carson,2,AL,Hale,Southeast
Carson,2,AL,Henry,Southeast
Carson,2,AL,Houston,Southeast
Carson,2,AL,Jackson,Southeast
Carson,2,AL,Jefferson,Southeast
Carson,2,AL,Lamar,Southeast
Carson,2,AL,Lauderdale,Southeast
Carson,2,AL,Lawrence,Southeast
Carson,2,AL,Lee,Southeast
Carson,2,AL,Limestone,Southeast
Carson,2,AL,Lowndes,Southeast
Carson,2,AL,Macon,Southeast
Carson,2,AL,Madison,Southeast
Carson,2,AL,Marengo,Southeast
Carson,2,AL,Marion,Southeast
Carson,2,AL,Marshall,Southeast
Carson,2,AL,Mobile,Southeast
Carson,2,AL,Monroe,Southeast
Carson,2,AL,Montgomery,Southeast
Carson,2,AL,Morgan,Southeast
Carson,2,AL,Perry,Southeast
Carson,2,AL,Pickens,Southeast
Carson,2,AL,Pike,Southeast
Carson,2,AL,Randolph,Southeast
Carson,2,AL,Russell,Southeast
Carson,2,AL,Saint Clair,Southeast
Carson,2,AL,Shelby,Southeast
Carson,2,AL,Sumter,Southeast
Carson,2,AL,Talladega,Southeast
Carson,2,AL,Tallapoosa,Southeast
Carson,2,AL,Tuscaloosa,Southeast
Carson,2,AL,Walker,Southeast
Carson,2,AL,Washington,Southeast
Carson,2,AL,Wilcox,Southeast
Carson,2,AL,Winston,Southeast
Carson,2,FL,Alachua,Southeast
Carson,2,FL,Baker,Southeast
Carson,2,FL,Bay,Southeast
Carson,2,FL,Bradford,Southeast
Carson,2,FL,Brevard,Southeast
Carson,2,FL,Broward,Southeast
Carson,2,FL,Calhoun,Southeast
Carson,2,FL,Charlotte,Southeast
Carson,2,FL,Citrus,Southeast
Carson,2,FL,Clay,Southeast
Carson,2,FL,Collier,Southeast
Carson,2,FL,Columbia,Southeast
Carson,2,FL,DeSoto,Southeast
Carson,2,FL,Dixie,Southeast
Carson,2,FL,Duval,Southeast
Carson,2,FL,Escambia,Southeast
Carson,2,FL,Flagler,Southeast
Carson,2,FL,Franklin,Southeast
Carson,2,FL,Gadsden,Southeast
Carson,2,FL,Gilchrist,Southeast
Carson,2,FL,Glades,Southeast
Carson,2,FL,Gulf,Southeast
Carson,2,FL,Hamilton,Southeast
Carson,2,FL,Hardee,Southeast
Carson,2,FL,Hendry,Southeast
Carson,2,FL,Hernando,Southeast
Carson,2,FL,Highlands,Southeast
Carson,2,FL,Hillsborough,Southeast
Carson,2,FL,Holmes,Southeast
Carson,2,FL,Indian River,Southeast
Carson,2,FL,Jackson,Southeast
Carson,2,FL,Jefferson,Southeast
Carson,2,FL,Lafayette,Southeast
Carson,2,FL,Lake,Southeast
Carson,2,FL,Lee,Southeast
Carson,2,FL,Leon,Southeast
Carson,2,FL,Levy,Southeast
Carson,2,FL,Liberty,Southeast
Carson,2,FL,Madison,Southeast
Carson,2,FL,Manatee,Southeast
Carson,2,FL,Marion,Southeast
Carson,2,FL,Martin,Southeast
Carson,2,FL,Miami-Dade,Southeast
Carson,2,FL,Monroe,Southeast
Carson,2,FL,Nassau,Southeast
Carson,2,FL,Okaloosa,Southeast
Carson,2,FL,Okeechobee,Southeast
Carson,2,FL,Orange,Southeast
Carson,2,FL,Osceola,Southeast
Carson,2,FL,Palm Beach,Southeast
Carson,2,FL,Pasco,Southeast
Carson,2,FL,Pinellas,Southeast
Carson,2,FL,Polk,Southeast
Carson,2,FL,Putnam,Southeast
Carson,2,FL,Saint Johns,Southeast
Carson,2,FL,Saint Lucie,Southeast
Carson,2,FL,Santa Rosa,Southeast
Carson,2,FL,Sarasota,Southeast
Carson,2,FL,Seminole,Southeast
Carson,2,FL,Sumter,Southeast
Carson,2,FL,Suwannee,Southeast
Carson,2,FL,Taylor,Southeast
Carson,2,FL,Union,Southeast
Carson,2,FL,Volusia,Southeast
Carson,2,FL,Wakulla,Southeast
Carson,2,FL,Walton,Southeast
Carson,2,FL,Washington,Southeast
Carson,2,GA,Appling,Southeast
Carson,2,GA,Atkinson,Southeast
Carson,2,GA,Bacon,Southeast
Carson,2,GA,Baker,Southeast
Carson,2,GA,Baldwin,Southeast
Carson,2,GA,Banks,Southeast
Carson,2,GA,Barrow,Southeast
Carson,2,GA,Bartow,Southeast
Carson,2,GA,Ben Hill,Southeast
Carson,2,GA,Berrien,Southeast
Carson,2,GA,Bibb,Southeast
Carson,2,GA,Bleckley,Southeast
Carson,2,GA,Brantley,Southeast
Carson,2,GA,Brooks,Southeast
Carson,2,GA,Bryan,Southeast
Carson,2,GA,Bulloch,Southeast
Carson,2,GA,Burke,Southeast
Carson,2,GA,Butts,Southeast
Carson,2,GA,Calhoun,Southeast
Carson,2,GA,Camden,Southeast
Carson,2,GA,Candler,Southeast
Carson,2,GA,Carroll,Southeast
Carson,2,GA,Catoosa,Southeast
Carson,2,GA,Charlton,Southeast
Carson,2,GA,Chatham,Southeast
Carson,2,GA,Chattahoochee,Southeast
Carson,2,GA,Chattooga,Southeast
Carson,2,GA,Cherokee,Southeast
Carson,2,GA,Clarke,Southeast
Carson,2,GA,Clay,Southeast
Carson,2,GA,Clayton,Southeast
Carson,2,GA,Clinch,Southeast
Carson,2,GA,Cobb,Southeast
Carson,2,GA,Coffee,Southeast
Carson,2,GA,Colquitt,Southeast
Carson,2,GA,Columbia,Southeast
Carson,2,GA,Cook,Southeast
Carson,2,GA,Coweta,Southeast
Carson,2,GA,Crawford,Southeast
Carson,2,GA,Crisp,Southeast
Carson,2,GA,Dade,Southeast
Carson,2,GA,Dawson,Southeast
Carson,2,GA,Decatur,Southeast
Carson,2,GA,DeKalb,Southeast
Carson,2,GA,Dodge,Southeast
Carson,2,GA,Dooly,Southeast
Carson,2,GA,Dougherty,Southeast
Carson,2,GA,Douglas,Southeast
Carson,2,GA,Early,Southeast
Carson,2,GA,Echols,Southeast
Carson,2,GA,Effingham,Southeast
Carson,2,GA,Elbert,Southeast
Carson,2,GA,Emanuel,Southeast
Carson,2,GA,Evans,Southeast
Carson,2,GA,Fannin,Southeast
Carson,2,GA,Fayette,Southeast
Carson,2,GA,Floyd,Southeast
Carson,2,GA,Forsyth,Southeast
Carson,2,GA,Franklin,Southeast
Carson,2,GA,Fulton,Southeast
Carson,2,GA,Gilmer,Southeast
Carson,2,GA,Glascock,Southeast
Carson,2,GA,Glynn,Southeast
Carson,2,GA,Gordon,Southeast
Carson,2,GA,Grady,Southeast
Carson,2,GA,Greene,Southeast
Carson,2,GA,Gwinnett,Southeast
Carson,2,GA,Habersham,Southeast
Carson,2,GA,Hall,Southeast
Carson,2,GA,Hancock,Southeast
Carson,2,GA,Haralson,Southeast
Carson,2,GA,Harris,Southeast
Carson,2,GA,Hart,Southeast
Carson,2,GA,Heard,Southeast
Carson,2,GA,Henry,Southeast
Carson,2,GA,Houston,Southeast
Carson,2,GA,Irwin,Southeast
Carson,2,GA,Jackson,Southeast
Carson,2,GA,Jasper,Southeast
Carson,2,GA,Jeff Davis,Southeast
Carson,2,GA,Jefferson,Southeast
Carson,2,GA,Jenkins,Southeast
Carson,2,GA,Johnson,Southeast
Carson,2,GA,Jones,Southeast
Carson,2,GA,Lamar,Southeast
Carson,2,GA,Lanier,Southeast
Carson,2,GA,Laurens,Southeast
Carson,2,GA,Lee,Southeast
Carson,2,GA,Liberty,Southeast
Carson,2,GA,Lincoln,Southeast
Carson,2,GA,Long,Southeast
Carson,2,GA,Lowndes,Southeast
Carson,2,GA,Lumpkin,Southeast
Carson,2,GA,Macon,Southeast
Carson,2,GA,Madison,Southeast
Carson,2,GA,Marion,Southeast
Carson,2,GA,McDuffie,Southeast
Carson,2,GA,McIntosh,Southeast
Carson,2,GA,Meriwether,Southeast
Carson,2,GA,Miller,Southeast
Carson,2,GA,Mitchell,Southeast
Carson,2,GA,Monroe,Southeast
Carson,2,GA,Montgomery,Southeast
Carson,2,GA,Morgan,Southeast
Carson,2,GA,Murray,Southeast
Carson,2,GA,Muscogee,Southeast
Carson,2,GA,Newton,Southeast
Carson,2,GA,Oconee,Southeast
Carson,2,GA,Oglethorpe,Southeast
Carson,2,GA,Paulding,Southeast
Carson,2,GA,Peach,Southeast
Carson,2,GA,Pickens,Southeast
Carson,2,GA,Pierce,Southeast
Carson,2,GA,Pike,Southeast
Carson,2,GA,Polk,Southeast
Carson,2,GA,Pulaski,Southeast
Carson,2,GA,Putnam,Southeast
Carson,2,GA,Quitman,Southeast
Carson,2,GA,Rabun,Southeast
Carson,2,GA,Randolph,Southeast
Carson,2,GA,Richmond,Southeast
Carson,2,GA,Rockdale,Southeast
Carson,2,GA,Schley,Southeast
Carson,2,GA,Screven,Southeast
Carson,2,GA,Seminole,Southeast
Carson,2,GA,Spalding,Southeast
Carson,2,GA,Stephens,Southeast
Carson,2,GA,Stewart,Southeast
Carson,2,GA,Sumter,Southeast
Carson,2,GA,Talbot,Southeast
Carson,2,GA,Taliaferro,Southeast
Carson,2,GA,Tattnall,Southeast
Carson,2,GA,Taylor,Southeast
Carson,2,GA,Telfair,Southeast
Carson,2,GA,Terrell,Southeast
Carson,2,GA,Thomas,Southeast
Carson,2,GA,Tift,Southeast
Carson,2,GA,Toombs,Southeast
Carson,2,GA,Towns,Southeast
Carson,2,GA,Treutlen,Southeast
Carson,2,GA,Troup,Southeast
Carson,2,GA,Turner,Southeast
Carson,2,GA,Twiggs,Southeast
Carson,2,GA,Union,Southeast
Carson,2,GA,Upson,Southeast
Carson,2,GA,Walker,Southeast
Carson,2,GA,Walton,Southeast
Carson,2,GA,Ware,Southeast
Carson,2,GA,Warren,Southeast
Carson,2,GA,Washington,Southeast
Carson,2,GA,Wayne,Southeast
Carson,2,GA,Webster,Southeast
Carson,2,GA,Wheeler,Southeast
Carson,2,GA,White,Southeast
Carson,2,GA,Whitfield,Southeast
Carson,2,GA,Wilcox,Southeast
Carson,2,GA,Wilkes,Southeast
Carson,2,GA,Wilkinson,Southeast
Carson,2,GA,Worth,Southeast
Carson,2,MS,Adams,Southeast
Carson,2,MS,Alcorn,Southeast
Carson,2,MS,Amite,Southeast
Carson,2,MS,Attala,Southeast
Carson,2,MS,Benton,Southeast
Carson,2,MS,Bolivar,Southeast
Carson,2,MS,Calhoun,Southeast
Carson,2,MS,Carroll,Southeast
Carson,2,MS,Chickasaw,Southeast
Carson,2,MS,Choctaw,Southeast
Carson,2,MS,Claiborne,Southeast
Carson,2,MS,Clarke,Southeast
Carson,2,MS,Clay,Southeast
Carson,2,MS,Coahoma,Southeast
Carson,2,MS,Copiah,Southeast
Carson,2,MS,Covington,Southeast
Carson,2,MS,DeSoto,Southeast
Carson,2,MS,Forrest,Southeast
Carson,2,MS,Franklin,Southeast
Carson,2,MS,George,Southeast
Carson,2,MS,Greene,Southeast
Carson,2,MS,Grenada,Southeast
Carson,2,MS,Hancock,Southeast
Carson,2,MS,Harrison,Southeast
Carson,2,MS,Hinds,Southeast
Carson,2,MS,Holmes,Southeast
Carson,2,MS,Humphreys,Southeast
Carson,2,MS,Issaquena,Southeast
Carson,2,MS,Itawamba,Southeast
Carson,2,MS,Jackson,Southeast
Carson,2,MS,Jasper,Southeast
Carson,2,MS,Jefferson,Southeast
Carson,2,MS,Jefferson Davis,Southeast
Carson,2,MS,Jones,Southeast
Carson,2,MS,Kemper,Southeast
Carson,2,MS,Lafayette,Southeast
Carson,2,MS,Lamar,Southeast
Carson,2,MS,Lauderdale,Southeast
Carson,2,MS,Lawrence,Southeast
Carson,2,MS,Leake,Southeast
Carson,2,MS,Lee,Southeast
Carson,2,MS,Leflore,Southeast
Carson,2,MS,Lincoln,Southeast
Carson,2,MS,Lowndes,Southeast
Carson,2,MS,Madison,Southeast
Carson,2,MS,Marion,Southeast
Carson,2,MS,Marshall,Southeast
Carson,2,MS,Monroe,Southeast
Carson,2,MS,Montgomery,Southeast
Carson,2,MS,Neshoba,Southeast
Carson,2,MS,Newton,Southeast
Carson,2,MS,Noxubee,Southeast
Carson,2,MS,Oktibbeha,Southeast
Carson,2,MS,Panola,Southeast
Carson,2,MS,Pearl River,Southeast
Carson,2,MS,Perry,Southeast
Carson,2,MS,Pike,Southeast
Carson,2,MS,Pontotoc,Southeast
Carson,2,MS,Prentiss,Southeast
Carson,2,MS,Quitman,Southeast
Carson,2,MS,Rankin,Southeast
Carson,2,MS,Scott,Southeast
Carson,2,MS,Sharkey,Southeast
Carson,2,MS,Simpson,Southeast
Carson,2,MS,Smith,Southeast
Carson,2,MS,Stone,Southeast
Carson,2,MS,Sunflower,Southeast
Carson,2,MS,Tallahatchie,Southeast
Carson,2,MS,Tate,Southeast
Carson,2,MS,Tippah,Southeast
Carson,2,MS,Tishomingo,Southeast
Carson,2,MS,Tunica,Southeast
Carson,2,MS,Union,Southeast
Carson,2,MS,Walthall,Southeast
Carson,2,MS,Warren,Southeast
Carson,2,MS,Washington,Southeast
Carson,2,MS,Wayne,Southeast
Carson,2,MS,Webster,Southeast
Carson,2,MS,Wilkinson,Southeast
Carson,2,MS,Winston,Southeast
Carson,2,MS,Yalobusha,Southeast
Carson,2,MS,Yazoo,Southeast
Carson,2,TN,Anderson,Southeast
Carson,2,TN,Bedford,Southeast
Carson,2,TN,Benton,Southeast
Carson,2,TN,Bledsoe,Southeast
Carson,2,TN,Blount,Southeast
Carson,2,TN,Bradley,Southeast
Carson,2,TN,Campbell,Southeast
Carson,2,TN,Cannon,Southeast
Carson,2,TN,Carroll,Southeast
Carson,2,TN,Carter,Southeast
Carson,2,TN,Cheatham,Southeast
Carson,2,TN,Chester,Southeast
Carson,2,TN,Claiborne,Southeast
Carson,2,TN,Clay,Southeast
Carson,2,TN,Cocke,Southeast
Carson,2,TN,Coffee,Southeast
Carson,2,TN,Crockett,Southeast
Carson,2,TN,Cumberland,Southeast
Carson,2,TN,Davidson,Southeast
Carson,2,TN,Decatur,Southeast
Carson,2,TN,DeKalb,Southeast
Carson,2,TN,Dickson,Southeast
Carson,2,TN,Dyer,Southeast
Carson,2,TN,Fayette,Southeast
Carson,2,TN,Fentress,Southeast
Carson,2,TN,Franklin,Southeast
Carson,2,TN,Gibson,Southeast
Carson,2,TN,Giles,Southeast
Carson,2,TN,Grainger,Southeast
Carson,2,TN,Greene,Southeast
Carson,2,TN,Grundy,Southeast
Carson,2,TN,Hamblen,Southeast
Carson,2,TN,Hamilton,Southeast
Carson,2,TN,Hancock,Southeast
Carson,2,TN,Hardeman,Southeast
Carson,2,TN,Hardin,Southeast
Carson,2,TN,Hawkins,Southeast
Carson,2,TN,Haywood,Southeast
Carson,2,TN,Henderson,Southeast
Carson,2,TN,Henry,Southeast
Carson,2,TN,Hickman,Southeast
Carson,2,TN,Houston,Southeast
Carson,2,TN,Humphreys,Southeast
Carson,2,TN,Jackson,Southeast
Carson,2,TN,Jefferson,Southeast
Carson,2,TN,Johnson,Southeast
Carson,2,TN,Knox,Southeast
Carson,2,TN,Lake,Southeast
Carson,2,TN,Lauderdale,Southeast
Carson,2,TN,Lawrence,Southeast
Carson,2,TN,Lewis,Southeast
Carson,2,TN,Lincoln,Southeast
Carson,2,TN,Loudon,Southeast
Carson,2,TN,Macon,Southeast
Carson,2,TN,Madison,Southeast
Carson,2,TN,Marion,Southeast
Carson,2,TN,Marshall,Southeast
Carson,2,TN,Maury,Southeast
Carson,2,TN,McMinn,Southeast
Carson,2,TN,McNairy,Southeast
Carson,2,TN,Meigs,Southeast
Carson,2,TN,Monroe,Southeast
Carson,2,TN,Montgomery,Southeast
Carson,2,TN,Moore,Southeast
Carson,2,TN,Morgan,Southeast
Carson,2,TN,Obion,Southeast
Carson,2,TN,Overton,Southeast
Carson,2,TN,Perry,Southeast
Carson,2,TN,Pickett,Southeast
Carson,2,TN,Polk,Southeast
Carson,2,TN,Putnam,Southeast
Carson,2,TN,Rhea,Southeast
Carson,2,TN,Roane,Southeast
Carson,2,TN,Robertson,Southeast
Carson,2,TN,Rutherford,Southeast
Carson,2,TN,Scott,Southeast
Carson,2,TN,Sequatchie,Southeast
Carson,2,TN,Sevier,Southeast
Carson,2,TN,Shelby,Southeast
Carson,2,TN,Smith,Southeast
Carson,2,TN,Stewart,Southeast
Carson,2,TN,Sullivan,Southeast
Carson,2,TN,Sumner,Southeast
Carson,2,TN,Tipton,Southeast
Carson,2,TN,Trousdale,Southeast
Carson,2,TN,Unicoi,Southeast
Carson,2,TN,Union,Southeast
Carson,2,TN,Van Buren,Southeast
Carson,2,TN,Warren,Southeast
Carson,2,TN,Washington,Southeast
Carson,2,TN,Wayne,Southeast
Carson,2,TN,Weakley,Southeast
Carson,2,TN,White,Southeast
Carson,2,TN,Williamson,Southeast
Carson,2,TN,Wilson,Southeast
Johnson,1,CT,Fairfield,Northeast
Johnson,1,CT,Hartford,Northeast
Johnson,1,CT,Kent,Northeast
Johnson,1,CT,Litchfield,Northeast
Johnson,1,CT,Middlesex,Northeast
Johnson,1,CT,New Castle,Northeast
Johnson,1,CT,New Haven,Northeast
Johnson,1,CT,New London,Northeast
Johnson,1,CT,Sussex,Northeast
Johnson,1,CT,Tolland,Northeast
Johnson,1,CT,Windham,Northeast
Johnson,1,MA,Barnstable,Northeast
Johnson,1,MA,Berkshire,Northeast
Johnson,1,MA,Bristol,Northeast
Johnson,1,MA,Dukes,Northeast
Johnson,1,MA,Essex,Northeast
Johnson,1,MA,Franklin,Northeast
Johnson,1,MA,Hampden,Northeast
Johnson,1,MA,Hampshire,Northeast
Johnson,1,MA,Middlesex,Northeast
Johnson,1,MA,Nantucket,Northeast
Johnson,1,MA,Norfolk,Northeast
Johnson,1,MA,Plymouth,Northeast
Johnson,1,MA,Suffolk,Northeast
Johnson,1,MA,Worcester,Northeast
Johnson,1,ME,Androscoggin,Northeast
Johnson,1,ME,Aroostook,Northeast
Johnson,1,ME,Cumberland,Northeast
Johnson,1,ME,Franklin,Northeast
Johnson,1,ME,Hancock,Northeast
Johnson,1,ME,Kennebec,Northeast
Johnson,1,ME,Knox,Northeast
Johnson,1,ME,Lincoln,Northeast
Johnson,1,ME,Oxford,Northeast
Johnson,1,ME,Penobscot,Northeast
Johnson,1,ME,Piscataquis,Northeast
Johnson,1,ME,Sagadahoc,Northeast
Johnson,1,ME,Somerset,Northeast
Johnson,1,ME,Waldo,Northeast
Johnson,1,ME,Washington,Northeast
Johnson,1,ME,York,Northeast
Johnson,1,NH,Belknap,Northeast
Johnson,1,NH,Carroll,Northeast
Johnson,1,NH,Cheshire,Northeast
Johnson,1,NH,Coos,Northeast
Johnson,1,NH,Grafton,Northeast
Johnson,1,NH,Hillsborough,Northeast
Johnson,1,NH,Merrimack,Northeast
Johnson,1,NH,Rockingham,Northeast
Johnson,1,NH,Strafford,Northeast
Johnson,1,NH,Sullivan,Northeast
Johnson,1,NY,Albany,Northeast
Johnson,1,NY,Allegany,Northeast
Johnson,1,NY,Broome,Northeast
Johnson,1,NY,Cattaraugus,Northeast
Johnson,1,NY,Cayuga,Northeast
Johnson,1,NY,Chautauqua,Northeast
Johnson,1,NY,Chemung,Northeast
Johnson,1,NY,Chenango,Northeast
Johnson,1,NY,Clinton,Northeast
Johnson,1,NY,Columbia,Northeast
Johnson,1,NY,Cortland,Northeast
Johnson,1,NY,Delaware,Northeast
Johnson,1,NY,Dutchess,Northeast
Johnson,1,NY,Erie,Northeast
Johnson,1,NY,Essex,Northeast
Johnson,1,NY,Franklin,Northeast
Johnson,1,NY,Fulton,Northeast
Johnson,1,NY,Genesee,Northeast
Johnson,1,NY,Greene,Northeast
Johnson,1,NY,Hamilton,Northeast
Johnson,1,NY,Herkimer,Northeast
Johnson,1,NY,Jefferson,Northeast
Johnson,1,NY,Lewis,Northeast
Johnson,1,NY,Livingston,Northeast
Johnson,1,NY,Madison,Northeast
Johnson,1,NY,Monroe,Northeast
Johnson,1,NY,Montgomery,Northeast
Johnson,1,NY,Niagara,Northeast
Johnson,1,NY,Oneida,Northeast
Johnson,1,NY,Onondaga,Northeast
Johnson,1,NY,Ontario,Northeast
Johnson,1,NY,Orange,Northeast
Johnson,1,NY,Orleans,Northeast
Johnson,1,NY,Oswego,Northeast
Johnson,1,NY,Otsego,Northeast
Johnson,1,NY,Putnam,Northeast
Johnson,1,NY,Rensselaer,Northeast
Johnson,1,NY,Rockland,Northeast
Johnson,1,NY,Saint Lawrence,Northeast
Johnson,1,NY,Saratoga,Northeast
Johnson,1,NY,Schenectady,Northeast
Johnson,1,NY,Schoharie,Northeast
Johnson,1,NY,Schuyler,Northeast
Johnson,1,NY,Seneca,Northeast
Johnson,1,NY,Steuben,Northeast
Johnson,1,NY,Sullivan,Northeast
Johnson,1,NY,Tioga,Northeast
Johnson,1,NY,Tompkins,Northeast
Johnson,1,NY,Ulster,Northeast
Johnson,1,NY,Warren,Northeast
Johnson,1,NY,Washington,Northeast
Johnson,1,NY,Wayne,Northeast
Johnson,1,NY,Westchester,Northeast
Johnson,1,NY,Wyoming,Northeast
Johnson,1,NY,Yates,Northeast
Johnson,1,RI,Bristol,Northeast
Johnson,1,RI,Kent,Northeast
Johnson,1,RI,Newport,Northeast
Johnson,1,RI,Providence,Northeast
Johnson,1,RI,Washington,Northeast
Johnson,1,VT,Addison,Northeast
Johnson,1,VT,Bennington,Northeast
Johnson,1,VT,Caledonia,Northeast
Johnson,1,VT,Chittenden,Northeast
Johnson,1,VT,Essex,Northeast
Johnson,1,VT,Franklin,Northeast
Johnson,1,VT,Grand Isle,Northeast
Johnson,1,VT,Lamoille,Northeast
Johnson,1,VT,Orange,Northeast
Johnson,1,VT,Orleans,Northeast
Johnson,1,VT,Rutland,Northeast
Johnson,1,VT,Washington,Northeast
Johnson,1,VT,Windham,Northeast
Johnson,1,VT,Windsor,Northeast
Johnson,2,DC,District of Columbia,MidAtlantic
Johnson,2,DE,Kent,MidAtlantic
Johnson,2,DE,New Castle,MidAtlantic
Johnson,2,DE,Sussex,MidAtlantic
Johnson,2,MD,Allegany,MidAtlantic
Johnson,2,MD,Anne Arundel,MidAtlantic
Johnson,2,MD,Baltimore,MidAtlantic
Johnson,2,MD,Calvert,MidAtlantic
Johnson,2,MD,Caroline,MidAtlantic
Johnson,2,MD,Carroll,MidAtlantic
Johnson,2,MD,Cecil,MidAtlantic
Johnson,2,MD,Charles,MidAtlantic
Johnson,2,MD,Dorchester,MidAtlantic
Johnson,2,MD,Frederick,MidAtlantic
Johnson,2,MD,Garrett,MidAtlantic
Johnson,2,MD,Harford,MidAtlantic
Johnson,2,MD,Howard,MidAtlantic
Johnson,2,MD,Kent,MidAtlantic
Johnson,2,MD,Montgomery,MidAtlantic
Johnson,2,MD,Prince George’s,MidAtlantic
Johnson,2,MD,Queen Anne’s,MidAtlantic
Johnson,2,MD,Saint Mary’s,MidAtlantic
Johnson,2,MD,Somerset,MidAtlantic
Johnson,2,MD,Talbot,MidAtlantic
Johnson,2,MD,Washington,MidAtlantic
Johnson,2,MD,Wicomico,MidAtlantic
Johnson,2,MD,Worcester,MidAtlantic
Johnson,2,NJ,Atlantic,MidAtlantic
Johnson,2,NJ,Bergen,MidAtlantic
Johnson,2,NJ,Burlington,MidAtlantic
Johnson,2,NJ,Camden,MidAtlantic
Johnson,2,NJ,Cape May,MidAtlantic
Johnson,2,NJ,Cumberland,MidAtlantic
Johnson,2,NJ,Essex,MidAtlantic
Johnson,2,NJ,Gloucester,MidAtlantic
Johnson,2,NJ,Hudson,MidAtlantic
Johnson,2,NJ,Hunterdon,MidAtlantic
Johnson,2,NJ,Mercer,MidAtlantic
Johnson,2,NJ,Middlesex,MidAtlantic
Johnson,2,NJ,Monmouth,MidAtlantic
Johnson,2,NJ,Morris,MidAtlantic
Johnson,2,NJ,Ocean,MidAtlantic
Johnson,2,NJ,Passaic,MidAtlantic
Johnson,2,NJ,Salem,MidAtlantic
Johnson,2,NJ,Somerset,MidAtlantic
Johnson,2,NJ,Sussex,MidAtlantic
Johnson,2,NJ,Union,MidAtlantic
Johnson,2,NJ,Warren,MidAtlantic
Johnson,2,NY,Bronx,MidAtlantic
Johnson,2,NY,Kings,MidAtlantic
Johnson,2,NY,Nassau,MidAtlantic
Johnson,2,NY,New York,MidAtlantic
Johnson,2,NY,Queens,MidAtlantic
Johnson,2,NY,Richmond,MidAtlantic
Johnson,2,NY,Suffolk,MidAtlantic
Johnson,2,PA,Adams,MidAtlantic
Johnson,2,PA,Berks,MidAtlantic
Johnson,2,PA,Bradford,MidAtlantic
Johnson,2,PA,Bucks,MidAtlantic
Johnson,2,PA,Carbon,MidAtlantic
Johnson,2,PA,Chester,MidAtlantic
Johnson,2,PA,Columbia,MidAtlantic
Johnson,2,PA,Cumberland,MidAtlantic
Johnson,2,PA,Dauphin,MidAtlantic
Johnson,2,PA,Delaware,MidAtlantic
Johnson,2,PA,Franklin,MidAtlantic
Johnson,2,PA,Juniata,MidAtlantic
Johnson,2,PA,Lackawanna,MidAtlantic
Johnson,2,PA,Lancaster,MidAtlantic
Johnson,2,PA,Lebanon,MidAtlantic
Johnson,2,PA,Lehigh,MidAtlantic
Johnson,2,PA,Luzerne,MidAtlantic
Johnson,2,PA,Lycoming,MidAtlantic
Johnson,2,PA,Mifflin,MidAtlantic
Johnson,2,PA,Monroe,MidAtlantic
Johnson,2,PA,Montgomery,MidAtlantic
Johnson,2,PA,Montour,MidAtlantic
Johnson,2,PA,Northampton,MidAtlantic
Johnson,2,PA,Northumberland,MidAtlantic
Johnson,2,PA,Perry,MidAtlantic
Johnson,2,PA,Philadelphia,MidAtlantic
Johnson,2,PA,Pike,MidAtlantic
Johnson,2,PA,Schuylkill,MidAtlantic
Johnson,2,PA,Snyder,MidAtlantic
Johnson,2,PA,Sullivan,MidAtlantic
Johnson,2,PA,Susquehanna,MidAtlantic
Johnson,2,PA,Tioga,MidAtlantic
Johnson,2,PA,Union,MidAtlantic
Johnson,2,PA,Wayne,MidAtlantic
Johnson,2,PA,Wyoming,MidAtlantic
Johnson,2,PA,York,MidAtlantic
Lewis,1,AR,Arkansas,Southwest
Lewis,1,AR,Ashley,Southwest
Lewis,1,AR,Baxter,Southwest
Lewis,1,AR,Benton,Southwest
Lewis,1,AR,Boone,Southwest
Lewis,1,AR,Bradley,Southwest
Lewis,1,AR,Calhoun,Southwest
Lewis,1,AR,Carroll,Southwest
Lewis,1,AR,Chicot,Southwest
Lewis,1,AR,Clark,Southwest
Lewis,1,AR,Clay,Southwest
Lewis,1,AR,Cleburne,Southwest
Lewis,1,AR,Cleveland,Southwest
Lewis,1,AR,Columbia,Southwest
Lewis,1,AR,Conway,Southwest
Lewis,1,AR,Craighead,Southwest
Lewis,1,AR,Crawford,Southwest
Lewis,1,AR,Crittenden,Southwest
Lewis,1,AR,Cross,Southwest
Lewis,1,AR,Dallas,Southwest
Lewis,1,AR,Desha,Southwest
Lewis,1,AR,Drew,Southwest
Lewis,1,AR,Faulkner,Southwest
Lewis,1,AR,Franklin,Southwest
Lewis,1,AR,Fulton,Southwest
Lewis,1,AR,Garland,Southwest
Lewis,1,AR,Grant,Southwest
Lewis,1,AR,Greene,Southwest
Lewis,1,AR,Hempstead,Southwest
Lewis,1,AR,Hot Spring,Southwest
Lewis,1,AR,Howard,Southwest
Lewis,1,AR,Independence,Southwest
Lewis,1,AR,Izard,Southwest
Lewis,1,AR,Jackson,Southwest
Lewis,1,AR,Jefferson,Southwest
Lewis,1,AR,Johnson,Southwest
Lewis,1,AR,Lafayette,Southwest
Lewis,1,AR,Lawrence,Southwest
Lewis,1,AR,Lee,Southwest
Lewis,1,AR,Lincoln,Southwest
Lewis,1,AR,Little River,Southwest
Lewis,1,AR,Logan,Southwest
Lewis,1,AR,Lonoke,Southwest
Lewis,1,AR,Madison,Southwest
Lewis,1,AR,Marion,Southwest
Lewis,1,AR,Miller,Southwest
Lewis,1,AR,Mississippi,Southwest
Lewis,1,AR,Monroe,Southwest
Lewis,1,AR,Montgomery,Southwest
Lewis,1,AR,Nevada,Southwest
Lewis,1,AR,Newton,Southwest
Lewis,1,AR,Ouachita,Southwest
Lewis,1,AR,Perry,Southwest
Lewis,1,AR,Phillips,Southwest
Lewis,1,AR,Pike,Southwest
Lewis,1,AR,Poinsett,Southwest
Lewis,1,AR,Polk,Southwest
Lewis,1,AR,Pope,Southwest
Lewis,1,AR,Prairie,Southwest
Lewis,1,AR,Pulaski,Southwest
Lewis,1,AR,Randolph,Southwest
Lewis,1,AR,Saint Francis,Southwest
Lewis,1,AR,Saline,Southwest
Lewis,1,AR,Scott,Southwest
Lewis,1,AR,Searcy,Southwest
Lewis,1,AR,Sebastian,Southwest
Lewis,1,AR,Sevier,Southwest
Lewis,1,AR,Sharp,Southwest
Lewis,1,AR,Stone,Southwest
Lewis,1,AR,Union,Southwest
Lewis,1,AR,Van Buren,Southwest
Lewis,1,AR,Washington,Southwest
Lewis,1,AR,White,Southwest
Lewis,1,AR,Woodruff,Southwest
Lewis,1,AR,Yell,Southwest
Lewis,1,CO,Adams,Southwest
Lewis,1,CO,Alamosa,Southwest
Lewis,1,CO,Arapahoe,Southwest
Lewis,1,CO,Archuleta,Southwest
Lewis,1,CO,Baca,Southwest
Lewis,1,CO,Bent,Southwest
Lewis,1,CO,Boulder,Southwest
Lewis,1,CO,Broomfield,Southwest
Lewis,1,CO,Chaffee,Southwest
Lewis,1,CO,Cheyenne,Southwest
Lewis,1,CO,Clear Creek,Southwest
Lewis,1,CO,Conejos,Southwest
Lewis,1,CO,Costilla,Southwest
Lewis,1,CO,Crowley,Southwest
Lewis,1,CO,Custer,Southwest
Lewis,1,CO,Delta,Southwest
Lewis,1,CO,Denver,Southwest
Lewis,1,CO,Dolores,Southwest
Lewis,1,CO,Douglas,Southwest
Lewis,1,CO,Eagle,Southwest
Lewis,1,CO,El Paso,Southwest
Lewis,1,CO,Elbert,Southwest
Lewis,1,CO,Fremont,Southwest
Lewis,1,CO,Garfield,Southwest
Lewis,1,CO,Gilpin,Southwest
Lewis,1,CO,Grand,Southwest
Lewis,1,CO,Gunnison,Southwest
Lewis,1,CO,Hinsdale,Southwest
Lewis,1,CO,Huerfano,Southwest
Lewis,1,CO,Jackson,Southwest
Lewis,1,CO,Jefferson,Southwest
Lewis,1,CO,Kiowa,Southwest
Lewis,1,CO,Kit Carson,Southwest
Lewis,1,CO,La Plata,Southwest
Lewis,1,CO,Lake,Southwest
Lewis,1,CO,Larimer,Southwest
Lewis,1,CO,Las Animas,Southwest
Lewis,1,CO,Lincoln,Southwest
Lewis,1,CO,Logan,Southwest
Lewis,1,CO,Mesa,Southwest
Lewis,1,CO,Mineral,Southwest
Lewis,1,CO,Moffat,Southwest
Lewis,1,CO,Montezuma,Southwest
Lewis,1,CO,Montrose,Southwest
Lewis,1,CO,Morgan,Southwest
Lewis,1,CO,Otero,Southwest
Lewis,1,CO,Ouray,Southwest
Lewis,1,CO,Park,Southwest
Lewis,1,CO,Phillips,Southwest
Lewis,1,CO,Pitkin,Southwest
Lewis,1,CO,Prowers,Southwest
Lewis,1,CO,Pueblo,Southwest
Lewis,1,CO,Rio Blanco,Southwest
Lewis,1,CO,Rio Grande,Southwest
Lewis,1,CO,Routt,Southwest
Lewis,1,CO,Saguache,Southwest
Lewis,1,CO,San Juan,Southwest
Lewis,1,CO,San Miguel,Southwest
Lewis,1,CO,Sedgwick,Southwest
Lewis,1,CO,Summit,Southwest
Lewis,1,CO,Teller,Southwest
Lewis,1,CO,Washington,Southwest
Lewis,1,CO,Weld,Southwest
Lewis,1,CO,Yuma,Southwest
Lewis,1,LA,Acadia Parish,Southwest
Lewis,1,LA,Allen Parish,Southwest
Lewis,1,LA,Ascension Parish,Southwest
Lewis,1,LA,Assumption Parish,Southwest
Lewis,1,LA,Avoyelles Parish,Southwest
Lewis,1,LA,Beauregard Parish,Southwest
Lewis,1,LA,Bienville Parish,Southwest
Lewis,1,LA,Bossier Parish,Southwest
Lewis,1,LA,Caddo Parish,Southwest
Lewis,1,LA,Calcasieu Parish,Southwest
Lewis,1,LA,Caldwell Parish,Southwest
Lewis,1,LA,Cameron Parish,Southwest
Lewis,1,LA,Catahoula Parish,Southwest
Lewis,1,LA,Claiborne Parish,Southwest
Lewis,1,LA,Concordia Parish,Southwest
Lewis,1,LA,DeSoto Parish,Southwest
Lewis,1,LA,East Baton Rouge Parish,Southwest
Lewis,1,LA,East Carroll Parish,Southwest
Lewis,1,LA,East Feliciana Parish,Southwest
Lewis,1,LA,Evangeline Parish,Southwest
Lewis,1,LA,Franklin Parish,Southwest
Lewis,1,LA,Grant Parish,Southwest
Lewis,1,LA,Iberia Parish,Southwest
Lewis,1,LA,Iberville Parish,Southwest
Lewis,1,LA,Jackson Parish,Southwest
Lewis,1,LA,Jefferson Davis Parish,Southwest
Lewis,1,LA,Jefferson Parish,Southwest
Lewis,1,LA,Lafayette Parish,Southwest
Lewis,1,LA,Lafourche Parish,Southwest
Lewis,1,LA,LaSalle Parish,Southwest
Lewis,1,LA,Lincoln Parish,Southwest
Lewis,1,LA,Livingston Parish,Southwest
Lewis,1,LA,Madison Parish,Southwest
Lewis,1,LA,Morehouse Parish,Southwest
Lewis,1,LA,Natchitoches Parish,Southwest
Lewis,1,LA,Orleans Parish,Southwest
Lewis,1,LA,Ouachita Parish,Southwest
Lewis,1,LA,Plaquemines Parish,Southwest
Lewis,1,LA,Pointe Coupee Parish,Southwest
Lewis,1,LA,Rapides Parish,Southwest
Lewis,1,LA,Red River Parish,Southwest
Lewis,1,LA,Richland Parish,Southwest
Lewis,1,LA,Sabine Parish,Southwest
Lewis,1,LA,Saint Bernard Parish,Southwest
Lewis,1,LA,Saint Charles Parish,Southwest
Lewis,1,LA,Saint Helena Parish,Southwest
Lewis,1,LA,Saint James Parish,Southwest
Lewis,1,LA,Saint John the Baptist Parish,Southwest
Lewis,1,LA,Saint Landry Parish,Southwest
Lewis,1,LA,Saint Martin Parish,Southwest
Lewis,1,LA,Saint Mary Parish,Southwest
Lewis,1,LA,Saint Tammany Parish,Southwest
Lewis,1,LA,Tangipahoa Parish,Southwest
Lewis,1,LA,Tensas Parish,Southwest
Lewis,1,LA,Terrebonne Parish,Southwest
Lewis,1,LA,Union Parish,Southwest
Lewis,1,LA,Vermilion Parish,Southwest
Lewis,1,LA,Vernon Parish,Southwest
Lewis,1,LA,Washington Parish,Southwest
Lewis,1,LA,Webster Parish,Southwest
Lewis,1,LA,West Baton Rouge Parish,Southwest
Lewis,1,LA,West Carroll Parish,Southwest
Lewis,1,LA,West Feliciana Parish,Southwest
Lewis,1,LA,Winn Parish,Southwest
Lewis,1,NM,Bernalillo,Southwest
Lewis,1,NM,Catron,Southwest
Lewis,1,NM,Chaves,Southwest
Lewis,1,NM,Cibola,Southwest
Lewis,1,NM,Colfax,Southwest
Lewis,1,NM,Curry,Southwest
Lewis,1,NM,De Baca,Southwest
Lewis,1,NM,Doña Ana,Southwest
Lewis,1,NM,Eddy,Southwest
Lewis,1,NM,Grant,Southwest
Lewis,1,NM,Guadalupe,Southwest
Lewis,1,NM,Harding,Southwest
Lewis,1,NM,Hidalgo,Southwest
Lewis,1,NM,Lea,Southwest
Lewis,1,NM,Lincoln,Southwest
Lewis,1,NM,Los Alamos,Southwest
Lewis,1,NM,Luna,Southwest
Lewis,1,NM,McKinley,Southwest
Lewis,1,NM,Mora,Southwest
Lewis,1,NM,Otero,Southwest
Lewis,1,NM,Quay,Southwest
Lewis,1,NM,Rio Arriba,Southwest
Lewis,1,NM,Roosevelt,Southwest
Lewis,1,NM,San Juan,Southwest
Lewis,1,NM,San Miguel,Southwest
Lewis,1,NM,Sandoval,Southwest
Lewis,1,NM,Santa Fe,Southwest
Lewis,1,NM,Sierra,Southwest
Lewis,1,NM,Socorro,Southwest
Lewis,1,NM,Taos,Southwest
Lewis,1,NM,Torrance,Southwest
Lewis,1,NM,Union,Southwest
Lewis,1,NM,Valencia,Southwest
Lewis,1,OK,Adair,Southwest
Lewis,1,OK,Alfalfa,Southwest
Lewis,1,OK,Atoka,Southwest
Lewis,1,OK,Beaver,Southwest
Lewis,1,OK,Beckham,Southwest
Lewis,1,OK,Blaine,Southwest
Lewis,1,OK,Bryan,Southwest
Lewis,1,OK,Caddo,Southwest
Lewis,1,OK,Canadian,Southwest
Lewis,1,OK,Carter,Southwest
Lewis,1,OK,Cherokee,Southwest
Lewis,1,OK,Choctaw,Southwest
Lewis,1,OK,Cimarron,Southwest
Lewis,1,OK,Cleveland,Southwest
Lewis,1,OK,Coal,Southwest
Lewis,1,OK,Comanche,Southwest
Lewis,1,OK,Cotton,Southwest
Lewis,1,OK,Craig,Southwest
Lewis,1,OK,Creek,Southwest
Lewis,1,OK,Custer,Southwest
Lewis,1,OK,Delaware,Southwest
Lewis,1,OK,Dewey,Southwest
Lewis,1,OK,Ellis,Southwest
Lewis,1,OK,Garfield,Southwest
Lewis,1,OK,Garvin,Southwest
Lewis,1,OK,Grady,Southwest
Lewis,1,OK,Grant,Southwest
Lewis,1,OK,Greer,Southwest
Lewis,1,OK,Harmon,Southwest
Lewis,1,OK,Harper,Southwest
Lewis,1,OK,Haskell,Southwest
Lewis,1,OK,Hughes,Southwest
Lewis,1,OK,Jackson,Southwest
Lewis,1,OK,Jefferson,Southwest
Lewis,1,OK,Johnston,Southwest
Lewis,1,OK,Kay,Southwest
Lewis,1,OK,Kingfisher,Southwest
Lewis,1,OK,Kiowa,Southwest
Lewis,1,OK,Latimer,Southwest
Lewis,1,OK,Le Flore,Southwest
Lewis,1,OK,Lincoln,Southwest
Lewis,1,OK,Logan,Southwest
Lewis,1,OK,Love,Southwest
Lewis,1,OK,Major,Southwest
Lewis,1,OK,Marshall,Southwest
Lewis,1,OK,Mayes,Southwest
Lewis,1,OK,McClain,Southwest
Lewis,1,OK,McCurtain,Southwest
Lewis,1,OK,McIntosh,Southwest
Lewis,1,OK,Murray,Southwest
Lewis,1,OK,Muskogee,Southwest
Lewis,1,OK,Noble,Southwest
Lewis,1,OK,Nowata,Southwest
Lewis,1,OK,Okfuskee,Southwest
Lewis,1,OK,Oklahoma,Southwest
Lewis,1,OK,Okmulgee,Southwest
Lewis,1,OK,Osage,Southwest
Lewis,1,OK,Ottawa,Southwest
Lewis,1,OK,Pawnee,Southwest
Lewis,1,OK,Payne,Southwest
Lewis,1,OK,Pittsburg,Southwest
Lewis,1,OK,Pontotoc,Southwest
Lewis,1,OK,Pottawatomie,Southwest
Lewis,1,OK,Pushmataha,Southwest
Lewis,1,OK,Roger Mills,Southwest
Lewis,1,OK,Rogers,Southwest
Lewis,1,OK,Seminole,Southwest
Lewis,1,OK,Sequoyah,Southwest
Lewis,1,OK,Stephens,Southwest
Lewis,1,OK,Texas,Southwest
Lewis,1,OK,Tillman,Southwest
Lewis,1,OK,Tulsa,Southwest
Lewis,1,OK,Wagoner,Southwest
Lewis,1,OK,Washington,Southwest
Lewis,1,OK,Washita,Southwest
Lewis,1,OK,Woods,Southwest
Lewis,1,OK,Woodward,Southwest
Lewis,1,TX,Anderson,Southwest
Lewis,1,TX,Andrews,Southwest
Lewis,1,TX,Angelina,Southwest
Lewis,1,TX,Aransas,Southwest
Lewis,1,TX,Archer,Southwest
Lewis,1,TX,Armstrong,Southwest
Lewis,1,TX,Atascosa,Southwest
Lewis,1,TX,Austin,Southwest
Lewis,1,TX,Bailey,Southwest
Lewis,1,TX,Bandera,Southwest
Lewis,1,TX,Bastrop,Southwest
Lewis,1,TX,Baylor,Southwest
Lewis,1,TX,Bee,Southwest
Lewis,1,TX,Bell,Southwest
Lewis,1,TX,Bexar,Southwest
Lewis,1,TX,Blanco,Southwest
Lewis,1,TX,Borden,Southwest
Lewis,1,TX,Bosque,Southwest
Lewis,1,TX,Bowie,Southwest
Lewis,1,TX,Brazoria,Southwest
Lewis,1,TX,Brazos,Southwest
Lewis,1,TX,Brewster,Southwest
Lewis,1,TX,Briscoe,Southwest
Lewis,1,TX,Brooks,Southwest
Lewis,1,TX,Brown,Southwest
Lewis,1,TX,Burleson,Southwest
Lewis,1,TX,Burnet,Southwest
Lewis,1,TX,Caldwell,Southwest
Lewis,1,TX,Calhoun,Southwest
Lewis,1,TX,Callahan,Southwest
Lewis,1,TX,Cameron,Southwest
Lewis,1,TX,Camp,Southwest
Lewis,1,TX,Carson,Southwest
Lewis,1,TX,Cass,Southwest
Lewis,1,TX,Castro,Southwest
Lewis,1,TX,Chambers,Southwest
Lewis,1,TX,Cherokee,Southwest
Lewis,1,TX,Childress,Southwest
Lewis,1,TX,Clay,Southwest
Lewis,1,TX,Cochran,Southwest
Lewis,1,TX,Coke,Southwest
Lewis,1,TX,Coleman,Southwest
Lewis,1,TX,Collin,Southwest
Lewis,1,TX,Collingsworth,Southwest
Lewis,1,TX,Colorado,Southwest
Lewis,1,TX,Comal,Southwest
Lewis,1,TX,Comanche,Southwest
Lewis,1,TX,Concho,Southwest
Lewis,1,TX,Cooke,Southwest
Lewis,1,TX,Coryell,Southwest
Lewis,1,TX,Cottle,Southwest
Lewis,1,TX,Crane,Southwest
Lewis,1,TX,Crockett,Southwest
Lewis,1,TX,Crosby,Southwest
Lewis,1,TX,Culberson,Southwest
Lewis,1,TX,Dallam,Southwest
Lewis,1,TX,Dallas,Southwest
Lewis,1,TX,Dawson,Southwest
Lewis,1,TX,De Soto,Southwest
Lewis,1,TX,Deaf Smith,Southwest
Lewis,1,TX,Delta,Southwest
Lewis,1,TX,Denton,Southwest
Lewis,1,TX,DeWitt,Southwest
Lewis,1,TX,Dickens,Southwest
Lewis,1,TX,Dimmit,Southwest
Lewis,1,TX,Donley,Southwest
Lewis,1,TX,Duval,Southwest
Lewis,1,TX,Eastland,Southwest
Lewis,1,TX,Ector,Southwest
Lewis,1,TX,Edwards,Southwest
Lewis,1,TX,El Paso,Southwest
Lewis,1,TX,Ellis,Southwest
Lewis,1,TX,Erath,Southwest
Lewis,1,TX,Falls,Southwest
Lewis,1,TX,Fannin,Southwest
Lewis,1,TX,Fayette,Southwest
Lewis,1,TX,Fisher,Southwest
Lewis,1,TX,Floyd,Southwest
Lewis,1,TX,Foard,Southwest
Lewis,1,TX,Fort Bend,Southwest
Lewis,1,TX,Franklin,Southwest
Lewis,1,TX,Freestone,Southwest
Lewis,1,TX,Frio,Southwest
Lewis,1,TX,Gaines,Southwest
Lewis,1,TX,Galveston,Southwest
Lewis,1,TX,Garza,Southwest
Lewis,1,TX,Gillespie,Southwest
Lewis,1,TX,Glasscock,Southwest
Lewis,1,TX,Goliad,Southwest
Lewis,1,TX,Gonzales,Southwest
Lewis,1,TX,Gray,Southwest
Lewis,1,TX,Grayson,Southwest
Lewis,1,TX,Gregg,Southwest
Lewis,1,TX,Grimes,Southwest
Lewis,1,TX,Guadalupe,Southwest
Lewis,1,TX,Hale,Southwest
Lewis,1,TX,Hall,Southwest
Lewis,1,TX,Hamilton,Southwest
Lewis,1,TX,Hansford,Southwest
Lewis,1,TX,Hardeman,Southwest
Lewis,1,TX,Hardin,Southwest
Lewis,1,TX,Harris,Southwest
Lewis,1,TX,Harrison,Southwest
Lewis,1,TX,Hartley,Southwest
Lewis,1,TX,Haskell,Southwest
Lewis,1,TX,Hays,Southwest
Lewis,1,TX,Hemphill,Southwest
Lewis,1,TX,Henderson,Southwest
Lewis,1,TX,Hidalgo,Southwest
Lewis,1,TX,Hill,Southwest
Lewis,1,TX,Hockley,Southwest
Lewis,1,TX,Hood,Southwest
Lewis,1,TX,Hopkins,Southwest
Lewis,1,TX,Houston,Southwest
Lewis,1,TX,Howard,Southwest
Lewis,1,TX,Hudspeth,Southwest
Lewis,1,TX,Hunt,Southwest
Lewis,1,TX,Hutchinson,Southwest
Lewis,1,TX,Irion,Southwest
Lewis,1,TX,Jack,Southwest
Lewis,1,TX,Jackson,Southwest
Lewis,1,TX,Jasper,Southwest
Lewis,1,TX,Jeff Davis,Southwest
Lewis,1,TX,Jefferson,Southwest
Lewis,1,TX,Jim Hogg,Southwest
Lewis,1,TX,Jim Wells,Southwest
Lewis,1,TX,Johnson,Southwest
Lewis,1,TX,Jones,Southwest
Lewis,1,TX,Karnes,Southwest
Lewis,1,TX,Kaufman,Southwest
Lewis,1,TX,Kendall,Southwest
Lewis,1,TX,Kenedy,Southwest
Lewis,1,TX,Kent,Southwest
Lewis,1,TX,Kerr,Southwest
Lewis,1,TX,Kimble,Southwest
Lewis,1,TX,King,Southwest
Lewis,1,TX,Kinney,Southwest
Lewis,1,TX,Kleberg,Southwest
Lewis,1,TX,Knox,Southwest
Lewis,1,TX,La Salle,Southwest
Lewis,1,TX,Lamar,Southwest
Lewis,1,TX,Lamb,Southwest
Lewis,1,TX,Lampasas,Southwest
Lewis,1,TX,Lavaca,Southwest
Lewis,1,TX,Lee,Southwest
Lewis,1,TX,Leon,Southwest
Lewis,1,TX,Liberty,Southwest
Lewis,1,TX,Limestone,Southwest
Lewis,1,TX,Lipscomb,Southwest
Lewis,1,TX,Live Oak,Southwest
Lewis,1,TX,Llano,Southwest
Lewis,1,TX,Loving,Southwest
Lewis,1,TX,Lubbock,Southwest
Lewis,1,TX,Lynn,Southwest
Lewis,1,TX,Madison,Southwest
Lewis,1,TX,Marion,Southwest
Lewis,1,TX,Martin,Southwest
Lewis,1,TX,Mason,Southwest
Lewis,1,TX,Matagorda,Southwest
Lewis,1,TX,Maverick,Southwest
Lewis,1,TX,McCulloch,Southwest
Lewis,1,TX,McLennan,Southwest
Lewis,1,TX,McMullen,Southwest
Lewis,1,TX,Medina,Southwest
Lewis,1,TX,Menard,Southwest
Lewis,1,TX,Midland,Southwest
Lewis,1,TX,Milam,Southwest
Lewis,1,TX,Mills,Southwest
Lewis,1,TX,Mitchell,Southwest
Lewis,1,TX,Montague,Southwest
Lewis,1,TX,Montgomery,Southwest
Lewis,1,TX,Moore,Southwest
Lewis,1,TX,Morris,Southwest
Lewis,1,TX,Motley,Southwest
Lewis,1,TX,Nacogdoches,Southwest
Lewis,1,TX,Navarro,Southwest
Lewis,1,TX,Newton,Southwest
Lewis,1,TX,Nolan,Southwest
Lewis,1,TX,Nueces,Southwest
Lewis,1,TX,Ochiltree,Southwest
Lewis,1,TX,Oldham,Southwest
Lewis,1,TX,Orange,Southwest
Lewis,1,TX,Palo Pinto,Southwest
Lewis,1,TX,Panola,Southwest
Lewis,1,TX,Parker,Southwest
Lewis,1,TX,Parmer,Southwest
Lewis,1,TX,Pecos,Southwest
Lewis,1,TX,Polk,Southwest
Lewis,1,TX,Potter,Southwest
Lewis,1,TX,Presidio,Southwest
Lewis,1,TX,Rains,Southwest
Lewis,1,TX,Randall,Southwest
Lewis,1,TX,Reagan,Southwest
Lewis,1,TX,Real,Southwest
Lewis,1,TX,Red River,Southwest
Lewis,1,TX,Reeves,Southwest
Lewis,1,TX,Refugio,Southwest
Lewis,1,TX,Roberts,Southwest
Lewis,1,TX,Robertson,Southwest
Lewis,1,TX,Rockwall,Southwest
Lewis,1,TX,Runnels,Southwest
Lewis,1,TX,Rusk,Southwest
Lewis,1,TX,Sabine,Southwest
Lewis,1,TX,San Augustine,Southwest
Lewis,1,TX,San Jacinto,Southwest
Lewis,1,TX,San Patricio,Southwest
Lewis,1,TX,San Saba,Southwest
Lewis,1,TX,Schleicher,Southwest
Lewis,1,TX,Scurry,Southwest
Lewis,1,TX,Shackelford,Southwest
Lewis,1,TX,Shelby,Southwest
Lewis,1,TX,Sherman,Southwest
Lewis,1,TX,Smith,Southwest
Lewis,1,TX,Somervell,Southwest
Lewis,1,TX,Starr,Southwest
Lewis,1,TX,Stephens,Southwest
Lewis,1,TX,Sterling,Southwest
Lewis,1,TX,Stonewall,Southwest
Lewis,1,TX,Sutton,Southwest
Lewis,1,TX,Swisher,Southwest
Lewis,1,TX,Tarrant,Southwest
Lewis,1,TX,Taylor,Southwest
Lewis,1,TX,Terrell,Southwest
Lewis,1,TX,Terry,Southwest
Lewis,1,TX,Throckmorton,Southwest
Lewis,1,TX,Titus,Southwest
Lewis,1,TX,Tom Green,Southwest
Lewis,1,TX,Travis,Southwest
Lewis,1,TX,Trinity,Southwest
Lewis,1,TX,Tyler,Southwest
Lewis,1,TX,Upshur,Southwest
Lewis,1,TX,Upton,Southwest
Lewis,1,TX,Uvalde,Southwest
Lewis,1,TX,Val Verde,Southwest
Lewis,1,TX,Van Zandt,Southwest
Lewis,1,TX,Victoria,Southwest
Lewis,1,TX,Walker,Southwest
Lewis,1,TX,Waller,Southwest
Lewis,1,TX,Ward,Southwest
Lewis,1,TX,Washington,Southwest
Lewis,1,TX,Webb,Southwest
Lewis,1,TX,Wharton,Southwest
Lewis,1,TX,Wheeler,Southwest
Lewis,1,TX,Wichita,Southwest
Lewis,1,TX,Wilbarger,Southwest
Lewis,1,TX,Willacy,Southwest
Lewis,1,TX,Williamson,Southwest
Lewis,1,TX,Wilson,Southwest
Lewis,1,TX,Winkler,Southwest
Lewis,1,TX,Wise,Southwest
Lewis,1,TX,Wood,Southwest
Lewis,1,TX,Yoakum,Southwest
Lewis,1,TX,Young,Southwest
Lewis,1,TX,Zapata,Southwest
Lewis,1,TX,Zavala,Southwest
Lewis,2,IA,Adair,Plains
Lewis,2,IA,Adams,Plains
Lewis,2,IA,Allamakee,Plains
Lewis,2,IA,Appanoose,Plains
Lewis,2,IA,Audubon,Plains
Lewis,2,IA,Benton,Plains
Lewis,2,IA,Black Hawk,Plains
Lewis,2,IA,Boone,Plains
Lewis,2,IA,Bremer,Plains
Lewis,2,IA,Buchanan,Plains
Lewis,2,IA,Buena Vista,Plains
Lewis,2,IA,Butler,Plains
Lewis,2,IA,Calhoun,Plains
Lewis,2,IA,Carroll,Plains
Lewis,2,IA,Cass,Plains
Lewis,2,IA,Cedar,Plains
Lewis,2,IA,Cerro Gordo,Plains
Lewis,2,IA,Cherokee,Plains
Lewis,2,IA,Chickasaw,Plains
Lewis,2,IA,Clarke,Plains
Lewis,2,IA,Clay,Plains
Lewis,2,IA,Clayton,Plains
Lewis,2,IA,Clinton,Plains
Lewis,2,IA,Crawford,Plains
Lewis,2,IA,Dallas,Plains
Lewis,2,IA,Davis,Plains
Lewis,2,IA,Decatur,Plains
Lewis,2,IA,Delaware,Plains
Lewis,2,IA,Des Moines,Plains
Lewis,2,IA,Dickinson,Plains
Lewis,2,IA,Dubuque,Plains
Lewis,2,IA,Emmet,Plains
Lewis,2,IA,Fayette,Plains
Lewis,2,IA,Floyd,Plains
Lewis,2,IA,Franklin,Plains
Lewis,2,IA,Fremont,Plains
Lewis,2,IA,Greene,Plains
Lewis,2,IA,Grundy,Plains
Lewis,2,IA,Guthrie,Plains
Lewis,2,IA,Hamilton,Plains
Lewis,2,IA,Hancock,Plains
Lewis,2,IA,Hardin,Plains
Lewis,2,IA,Harrison,Plains
Lewis,2,IA,Henry,Plains
Lewis,2,IA,Howard,Plains
Lewis,2,IA,Humboldt,Plains
Lewis,2,IA,Ida,Plains
Lewis,2,IA,Iowa,Plains
Lewis,2,IA,Jackson,Plains
Lewis,2,IA,Jasper,Plains
Lewis,2,IA,Jefferson,Plains
Lewis,2,IA,Johnson,Plains
Lewis,2,IA,Jones,Plains
Lewis,2,IA,Keokuk,Plains
Lewis,2,IA,Kossuth,Plains
Lewis,2,IA,Lee,Plains
Lewis,2,IA,Linn,Plains
Lewis,2,IA,Louisa,Plains
Lewis,2,IA,Lucas,Plains
Lewis,2,IA,Lyon,Plains
Lewis,2,IA,Madison,Plains
Lewis,2,IA,Mahaska,Plains
Lewis,2,IA,Marion,Plains
Lewis,2,IA,Marshall,Plains
Lewis,2,IA,Mills,Plains
Lewis,2,IA,Mitchell,Plains
Lewis,2,IA,Monona,Plains
Lewis,2,IA,Monroe,Plains
Lewis,2,IA,Montgomery,Plains
Lewis,2,IA,Muscatine,Plains
Lewis,2,IA,O’Brien,Plains
Lewis,2,IA,Osceola,Plains
Lewis,2,IA,Page,Plains
Lewis,2,IA,Palo Alto,Plains
Lewis,2,IA,Plymouth,Plains
Lewis,2,IA,Pocahontas,Plains
Lewis,2,IA,Polk,Plains
Lewis,2,IA,Pottawattamie,Plains
Lewis,2,IA,Poweshiek,Plains
Lewis,2,IA,Ringgold,Plains
Lewis,2,IA,Sac,Plains
Lewis,2,IA,Scott,Plains
Lewis,2,IA,Shelby,Plains
Lewis,2,IA,Sioux,Plains
Lewis,2,IA,Story,Plains
Lewis,2,IA,Tama,Plains
Lewis,2,IA,Taylor,Plains
Lewis,2,IA,Union,Plains
Lewis,2,IA,Van Buren,Plains
Lewis,2,IA,Wapello,Plains
Lewis,2,IA,Warren,Plains
Lewis,2,IA,Washington,Plains
Lewis,2,IA,Wayne,Plains
Lewis,2,IA,Webster,Plains
Lewis,2,IA,Winnebago,Plains
Lewis,2,IA,Winneshiek,Plains
Lewis,2,IA,Woodbury,Plains
Lewis,2,IA,Worth,Plains
Lewis,2,IA,Wright,Plains
Lewis,2,IL,Adams,Plains
Lewis,2,IL,Alexander,Plains
Lewis,2,IL,Bond,Plains
Lewis,2,IL,Brown,Plains
Lewis,2,IL,Bureau,Plains
Lewis,2,IL,Calhoun,Plains
Lewis,2,IL,Cass,Plains
Lewis,2,IL,Champaign,Plains
Lewis,2,IL,Christian,Plains
Lewis,2,IL,Clark,Plains
Lewis,2,IL,Clay,Plains
Lewis,2,IL,Clinton,Plains
Lewis,2,IL,Coles,Plains
Lewis,2,IL,Crawford,Plains
Lewis,2,IL,Cumberland,Plains
Lewis,2,IL,De Witt,Plains
Lewis,2,IL,Douglas,Plains
Lewis,2,IL,Edgar,Plains
Lewis,2,IL,Edwards,Plains
Lewis,2,IL,Effingham,Plains
Lewis,2,IL,Fayette,Plains
Lewis,2,IL,Ford,Plains
Lewis,2,IL,Franklin,Plains
Lewis,2,IL,Fulton,Plains
Lewis,2,IL,Gallatin,Plains
Lewis,2,IL,Greene,Plains
Lewis,2,IL,Grundy,Plains
Lewis,2,IL,Hamilton,Plains
Lewis,2,IL,Hancock,Plains
Lewis,2,IL,Hardin,Plains
Lewis,2,IL,Henderson,Plains
Lewis,2,IL,Henry,Plains
Lewis,2,IL,Iroquois,Plains
Lewis,2,IL,Jackson,Plains
Lewis,2,IL,Jasper,Plains
Lewis,2,IL,Jefferson,Plains
Lewis,2,IL,Jersey,Plains
Lewis,2,IL,Johnson,Plains
Lewis,2,IL,Kankakee,Plains
Lewis,2,IL,Kendall,Plains
Lewis,2,IL,Knox,Plains
Lewis,2,IL,LaSalle,Plains
Lewis,2,IL,Lawrence,Plains
Lewis,2,IL,Lee,Plains
Lewis,2,IL,Livingston,Plains
Lewis,2,IL,Logan,Plains
Lewis,2,IL,Macon,Plains
Lewis,2,IL,Macoupin,Plains
Lewis,2,IL,Madison,Plains
Lewis,2,IL,Marion,Plains
Lewis,2,IL,Marshall,Plains
Lewis,2,IL,Mason,Plains
Lewis,2,IL,Massac,Plains
Lewis,2,IL,McDonough,Plains
Lewis,2,IL,McLean,Plains
Lewis,2,IL,Menard,Plains
Lewis,2,IL,Mercer,Plains
Lewis,2,IL,Monroe,Plains
Lewis,2,IL,Montgomery,Plains
Lewis,2,IL,Morgan,Plains
Lewis,2,IL,Moultrie,Plains
Lewis,2,IL,Peoria,Plains
Lewis,2,IL,Perry,Plains
Lewis,2,IL,Piatt,Plains
Lewis,2,IL,Pike,Plains
Lewis,2,IL,Pope,Plains
Lewis,2,IL,Pulaski,Plains
Lewis,2,IL,Putnam,Plains
Lewis,2,IL,Randolph,Plains
Lewis,2,IL,Richland,Plains
Lewis,2,IL,Rock Island,Plains
Lewis,2,IL,Saint Clair,Plains
Lewis,2,IL,Saline,Plains
Lewis,2,IL,Sangamon,Plains
Lewis,2,IL,Schuyler,Plains
Lewis,2,IL,Scott,Plains
Lewis,2,IL,Shelby,Plains
Lewis,2,IL,Stark,Plains
Lewis,2,IL,Tazewell,Plains
Lewis,2,IL,Union,Plains
Lewis,2,IL,Vermilion,Plains
Lewis,2,IL,Wabash,Plains
Lewis,2,IL,Warren,Plains
Lewis,2,IL,Washington,Plains
Lewis,2,IL,Wayne,Plains
Lewis,2,IL,White,Plains
Lewis,2,IL,Whiteside,Plains
Lewis,2,IL,Will,Plains
Lewis,2,IL,Williamson,Plains
Lewis,2,IL,Woodford,Plains
Lewis,2,KS,Allen,Plains
Lewis,2,KS,Anderson,Plains
Lewis,2,KS,Atchison,Plains
Lewis,2,KS,Barber,Plains
Lewis,2,KS,Barton,Plains
Lewis,2,KS,Bourbon,Plains
Lewis,2,KS,Brown,Plains
Lewis,2,KS,Butler,Plains
Lewis,2,KS,Chase,Plains
Lewis,2,KS,Chautauqua,Plains
Lewis,2,KS,Cherokee,Plains
Lewis,2,KS,Cheyenne,Plains
Lewis,2,KS,Clark,Plains
Lewis,2,KS,Clay,Plains
Lewis,2,KS,Cloud,Plains
Lewis,2,KS,Coffey,Plains
Lewis,2,KS,Comanche,Plains
Lewis,2,KS,Cowley,Plains
Lewis,2,KS,Crawford,Plains
Lewis,2,KS,Decatur,Plains
Lewis,2,KS,Dickinson,Plains
Lewis,2,KS,Doniphan,Plains
Lewis,2,KS,Douglas,Plains
Lewis,2,KS,Edwards,Plains
Lewis,2,KS,Elk,Plains
Lewis,2,KS,Ellis,Plains
Lewis,2,KS,Ellsworth,Plains
Lewis,2,KS,Finney,Plains
Lewis,2,KS,Ford,Plains
Lewis,2,KS,Franklin,Plains
Lewis,2,KS,Geary,Plains
Lewis,2,KS,Gove,Plains
Lewis,2,KS,Graham,Plains
Lewis,2,KS,Grant,Plains
Lewis,2,KS,Gray,Plains
Lewis,2,KS,Greeley,Plains
Lewis,2,KS,Greenwood,Plains
Lewis,2,KS,Hamilton,Plains
Lewis,2,KS,Harper,Plains
Lewis,2,KS,Harvey,Plains
Lewis,2,KS,Haskell,Plains
Lewis,2,KS,Hodgeman,Plains
Lewis,2,KS,Jackson,Plains
Lewis,2,KS,Jefferson,Plains
Lewis,2,KS,Jewell,Plains
Lewis,2,KS,Johnson,Plains
Lewis,2,KS,Kearny,Plains
Lewis,2,KS,Kingman,Plains
Lewis,2,KS,Kiowa,Plains
Lewis,2,KS,Labette,Plains
Lewis,2,KS,Lane,Plains
Lewis,2,KS,Leavenworth,Plains
Lewis,2,KS,Lincoln,Plains
Lewis,2,KS,Linn,Plains
Lewis,2,KS,Logan,Plains
Lewis,2,KS,Lyon,Plains
Lewis,2,KS,Marion,Plains
Lewis,2,KS,Marshall,Plains
Lewis,2,KS,McPherson,Plains
Lewis,2,KS,Meade,Plains
Lewis,2,KS,Miami,Plains
Lewis,2,KS,Mitchell,Plains
Lewis,2,KS,Montgomery,Plains
Lewis,2,KS,Morris,Plains
Lewis,2,KS,Morton,Plains
Lewis,2,KS,Nemaha,Plains
Lewis,2,KS,Neosho,Plains
Lewis,2,KS,Ness,Plains
Lewis,2,KS,Norton,Plains
Lewis,2,KS,Osage,Plains
Lewis,2,KS,Osborne,Plains
Lewis,2,KS,Ottawa,Plains
Lewis,2,KS,Pawnee,Plains
Lewis,2,KS,Phillips,Plains
Lewis,2,KS,Pottawatomie,Plains
Lewis,2,KS,Pratt,Plains
Lewis,2,KS,Rawlins,Plains
Lewis,2,KS,Reno,Plains
Lewis,2,KS,Republic,Plains
Lewis,2,KS,Rice,Plains
Lewis,2,KS,Riley,Plains
Lewis,2,KS,Rooks,Plains
Lewis,2,KS,Rush,Plains
Lewis,2,KS,Russell,Plains
Lewis,2,KS,Saline,Plains
Lewis,2,KS,Scott,Plains
Lewis,2,KS,Sedgwick,Plains
Lewis,2,KS,Seward,Plains
Lewis,2,KS,Shawnee,Plains
Lewis,2,KS,Sheridan,Plains
Lewis,2,KS,Sherman,Plains
Lewis,2,KS,Smith,Plains
Lewis,2,KS,Stafford,Plains
Lewis,2,KS,Stanton,Plains
Lewis,2,KS,Stevens,Plains
Lewis,2,KS,Sumner,Plains
Lewis,2,KS,Thomas,Plains
Lewis,2,KS,Trego,Plains
Lewis,2,KS,Wabaunsee,Plains
Lewis,2,KS,Wallace,Plains
Lewis,2,KS,Washington,Plains
Lewis,2,KS,Wichita,Plains
Lewis,2,KS,Wilson,Plains
Lewis,2,KS,Woodson,Plains
Lewis,2,KS,Wyandotte,Plains
Lewis,2,MO,Adair,Plains
Lewis,2,MO,Andrew,Plains
Lewis,2,MO,Atchison,Plains
Lewis,2,MO,Audrain,Plains
Lewis,2,MO,Barry,Plains
Lewis,2,MO,Barton,Plains
Lewis,2,MO,Bates,Plains
Lewis,2,MO,Benton,Plains
Lewis,2,MO,Bollinger,Plains
Lewis,2,MO,Boone,Plains
Lewis,2,MO,Buchanan,Plains
Lewis,2,MO,Butler,Plains
Lewis,2,MO,Caldwell,Plains
Lewis,2,MO,Callaway,Plains
Lewis,2,MO,Camden,Plains
Lewis,2,MO,Cape Girardeau,Plains
Lewis,2,MO,Carroll,Plains
Lewis,2,MO,Carter,Plains
Lewis,2,MO,Cass,Plains
Lewis,2,MO,Cedar,Plains
Lewis,2,MO,Chariton,Plains
Lewis,2,MO,Christian,Plains
Lewis,2,MO,Clark,Plains
Lewis,2,MO,Clay,Plains
Lewis,2,MO,Clinton,Plains
Lewis,2,MO,Cole,Plains
Lewis,2,MO,Cooper,Plains
Lewis,2,MO,Crawford,Plains
Lewis,2,MO,Dade,Plains
Lewis,2,MO,Dallas,Plains
Lewis,2,MO,Daviess,Plains
Lewis,2,MO,DeKalb,Plains
Lewis,2,MO,Dent,Plains
Lewis,2,MO,Douglas,Plains
Lewis,2,MO,Dunklin,Plains
Lewis,2,MO,Franklin,Plains
Lewis,2,MO,Gasconade,Plains
Lewis,2,MO,Gentry,Plains
Lewis,2,MO,Greene,Plains
Lewis,2,MO,Grundy,Plains
Lewis,2,MO,Harrison,Plains
Lewis,2,MO,Henry,Plains
Lewis,2,MO,Hickory,Plains
Lewis,2,MO,Holt,Plains
Lewis,2,MO,Howard,Plains
Lewis,2,MO,Howell,Plains
Lewis,2,MO,Iron,Plains
Lewis,2,MO,Jackson,Plains
Lewis,2,MO,Jasper,Plains
Lewis,2,MO,Jefferson,Plains
Lewis,2,MO,Johnson,Plains
Lewis,2,MO,Knox,Plains
Lewis,2,MO,Laclede,Plains
Lewis,2,MO,Lafayette,Plains
Lewis,2,MO,Lawrence,Plains
Lewis,2,MO,Lewis,Plains
Lewis,2,MO,Lincoln,Plains
Lewis,2,MO,Linn,Plains
Lewis,2,MO,Livingston,Plains
Lewis,2,MO,Macon,Plains
Lewis,2,MO,Madison,Plains
Lewis,2,MO,Maries,Plains
Lewis,2,MO,Marion,Plains
Lewis,2,MO,McDonald,Plains
Lewis,2,MO,Mercer,Plains
Lewis,2,MO,Miller,Plains
Lewis,2,MO,Mississippi,Plains
Lewis,2,MO,Moniteau,Plains
Lewis,2,MO,Monroe,Plains
Lewis,2,MO,Montgomery,Plains
Lewis,2,MO,Morgan,Plains
Lewis,2,MO,New Madrid,Plains
Lewis,2,MO,Newton,Plains
Lewis,2,MO,Nodaway,Plains
Lewis,2,MO,Oregon,Plains
Lewis,2,MO,Osage,Plains
Lewis,2,MO,Ozark,Plains
Lewis,2,MO,Pemiscot,Plains
Lewis,2,MO,Perry,Plains
Lewis,2,MO,Pettis,Plains
Lewis,2,MO,Phelps,Plains
Lewis,2,MO,Pike,Plains
Lewis,2,MO,Platte,Plains
Lewis,2,MO,Polk,Plains
Lewis,2,MO,Pulaski,Plains
Lewis,2,MO,Putnam,Plains
Lewis,2,MO,Ralls,Plains
Lewis,2,MO,Randolph,Plains
Lewis,2,MO,Ray,Plains
Lewis,2,MO,Reynolds,Plains
Lewis,2,MO,Ripley,Plains
Lewis,2,MO,Saint Charles,Plains
Lewis,2,MO,Saint Clair,Plains
Lewis,2,MO,Saint Francois,Plains
Lewis,2,MO,Saint Louis,Plains
Lewis,2,MO,Sainte Genevieve,Plains
Lewis,2,MO,Saline,Plains
Lewis,2,MO,Schuyler,Plains
Lewis,2,MO,Scotland,Plains
Lewis,2,MO,Scott,Plains
Lewis,2,MO,Shannon,Plains
Lewis,2,MO,Shelby,Plains
Lewis,2,MO,Stoddard,Plains
Lewis,2,MO,Stone,Plains
Lewis,2,MO,Sullivan,Plains
Lewis,2,MO,Taney,Plains
Lewis,2,MO,Texas,Plains
Lewis,2,MO,Vernon,Plains
Lewis,2,MO,Warren,Plains
Lewis,2,MO,Washington,Plains
Lewis,2,MO,Wayne,Plains
Lewis,2,MO,Webster,Plains
Lewis,2,MO,Worth,Plains
Lewis,2,MO,Wright,Plains
Storey,1,AZ,Apache,West
Storey,1,AZ,Cochise,West
Storey,1,AZ,Coconino,West
Storey,1,AZ,Gila,West
Storey,1,AZ,Graham,West
Storey,1,AZ,Greenlee,West
Storey,1,AZ,La Paz,West
Storey,1,AZ,Maricopa,West
Storey,1,AZ,Mohave,West
Storey,1,AZ,Navajo,West
Storey,1,AZ,Pima,West
Storey,1,AZ,Pinal,West
Storey,1,AZ,Santa Cruz,West
Storey,1,AZ,Yavapai,West
Storey,1,AZ,Yuma,West
Storey,1,CA,Alameda,West
Storey,1,CA,Alpine,West
Storey,1,CA,Amador,West
Storey,1,CA,Butte,West
Storey,1,CA,Calaveras,West
Storey,1,CA,Colusa,West
Storey,1,CA,Contra Costa,West
Storey,1,CA,Del Norte,West
Storey,1,CA,El Dorado,West
Storey,1,CA,Fresno,West
Storey,1,CA,Glenn,West
Storey,1,CA,Humboldt,West
Storey,1,CA,Imperial,West
Storey,1,CA,Inyo,West
Storey,1,CA,Kern,West
Storey,1,CA,Kings,West
Storey,1,CA,Lake,West
Storey,1,CA,Lassen,West
Storey,1,CA,Los Angeles,West
Storey,1,CA,Madera,West
Storey,1,CA,Marin,West
Storey,1,CA,Mariposa,West
Storey,1,CA,Mendocino,West
Storey,1,CA,Merced,West
Storey,1,CA,Modoc,West
Storey,1,CA,Mono,West
Storey,1,CA,Monterey,West
Storey,1,CA,Napa,West
Storey,1,CA,Nevada,West
Storey,1,CA,Orange,West
Storey,1,CA,Placer,West
Storey,1,CA,Plumas,West
Storey,1,CA,Riverside,West
Storey,1,CA,Sacramento,West
Storey,1,CA,San Benito,West
Storey,1,CA,San Bernardino,West
Storey,1,CA,San Diego,West
Storey,1,CA,San Francisco,West
Storey,1,CA,San Joaquin,West
Storey,1,CA,San Luis Obispo,West
Storey,1,CA,San Mateo,West
Storey,1,CA,Santa Barbara,West
Storey,1,CA,Santa Clara,West
Storey,1,CA,Santa Cruz,West
Storey,1,CA,Shasta,West
Storey,1,CA,Sierra,West
Storey,1,CA,Siskiyou,West
Storey,1,CA,Solano,West
Storey,1,CA,Sonoma,West
Storey,1,CA,Stanislaus,West
Storey,1,CA,Sutter,West
Storey,1,CA,Tehama,West
Storey,1,CA,Trinity,West
Storey,1,CA,Tulare,West
Storey,1,CA,Tuolumne,West
Storey,1,CA,Ventura,West
Storey,1,CA,Yolo,West
Storey,1,CA,Yuba,West
Storey,1,ID,Ada,West
Storey,1,ID,Adams,West
Storey,1,ID,Bannock,West
Storey,1,ID,Bear Lake,West
Storey,1,ID,Benewah,West
Storey,1,ID,Bingham,West
Storey,1,ID,Blaine,West
Storey,1,ID,Boise,West
Storey,1,ID,Bonner,West
Storey,1,ID,Bonneville,West
Storey,1,ID,Boundary,West
Storey,1,ID,Butte,West
Storey,1,ID,Camas,West
Storey,1,ID,Canyon,West
Storey,1,ID,Caribou,West
Storey,1,ID,Cassia,West
Storey,1,ID,Clark,West
Storey,1,ID,Clearwater,West
Storey,1,ID,Custer,West
Storey,1,ID,Elmore,West
Storey,1,ID,Franklin,West
Storey,1,ID,Fremont,West
Storey,1,ID,Gem,West
Storey,1,ID,Gooding,West
Storey,1,ID,Idaho,West
Storey,1,ID,Jefferson,West
Storey,1,ID,Jerome,West
Storey,1,ID,Kootenai,West
Storey,1,ID,Latah,West
Storey,1,ID,Lemhi,West
Storey,1,ID,Lewis,West
Storey,1,ID,Lincoln,West
Storey,1,ID,Madison,West
Storey,1,ID,Minidoka,West
Storey,1,ID,Nez Perce,West
Storey,1,ID,Oneida,West
Storey,1,ID,Owyhee,West
Storey,1,ID,Payette,West
Storey,1,ID,Power,West
Storey,1,ID,Shoshone,West
Storey,1,ID,Teton,West
Storey,1,ID,Twin Falls,West
Storey,1,ID,Valley,West
Storey,1,ID,Washington,West
Storey,1,MT,Beaverhead,West
Storey,1,MT,Big Horn,West
Storey,1,MT,Blaine,West
Storey,1,MT,Broadwater,West
Storey,1,MT,Carbon,West
Storey,1,MT,Carter,West
Storey,1,MT,Cascade,West
Storey,1,MT,Chouteau,West
Storey,1,MT,Custer,West
Storey,1,MT,Daniels,West
Storey,1,MT,Dawson,West
Storey,1,MT,Deer Lodge,West
Storey,1,MT,Fallon,West
Storey,1,MT,Fergus,West
Storey,1,MT,Flathead,West
Storey,1,MT,Gallatin,West
Storey,1,MT,Garfield,West
Storey,1,MT,Glacier,West
Storey,1,MT,Golden Valley,West
Storey,1,MT,Granite,West
Storey,1,MT,Hill,West
Storey,1,MT,Jefferson,West
Storey,1,MT,Judith Basin,West
Storey,1,MT,Lake,West
Storey,1,MT,Lewis and Clark,West
Storey,1,MT,Liberty,West
Storey,1,MT,Lincoln,West
Storey,1,MT,Madison,West
Storey,1,MT,McCone,West
Storey,1,MT,Meagher,West
Storey,1,MT,Mineral,West
Storey,1,MT,Missoula,West
Storey,1,MT,Musselshell,West
Storey,1,MT,Park,West
Storey,1,MT,Petroleum,West
Storey,1,MT,Phillips,West
Storey,1,MT,Pondera,West
Storey,1,MT,Powder River,West
Storey,1,MT,Powell,West
Storey,1,MT,Prairie,West
Storey,1,MT,Ravalli,West
Storey,1,MT,Richland,West
Storey,1,MT,Roosevelt,West
Storey,1,MT,Rosebud,West
Storey,1,MT,Sanders,West
Storey,1,MT,Sheridan,West
Storey,1,MT,Silver Bow,West
Storey,1,MT,Stillwater,West
Storey,1,MT,Sweet Grass,West
Storey,1,MT,Teton,West
Storey,1,MT,Toole,West
Storey,1,MT,Treasure,West
Storey,1,MT,Valley,West
Storey,1,MT,Wheatland,West
Storey,1,MT,Wibaux,West
Storey,1,MT,Yellowstone,West
Storey,1,NV,Carson City,West
Storey,1,NV,Churchill,West
Storey,1,NV,Clark,West
Storey,1,NV,Douglas,West
Storey,1,NV,Elko,West
Storey,1,NV,Esmeralda,West
Storey,1,NV,Eureka,West
Storey,1,NV,Humboldt,West
Storey,1,NV,Lander,West
Storey,1,NV,Lincoln,West
Storey,1,NV,Lyon,West
Storey,1,NV,Mineral,West
Storey,1,NV,Nye,West
Storey,1,NV,Pershing,West
Storey,1,NV,Storey,West
Storey,1,NV,Washoe,West
Storey,1,NV,White Pine,West
Storey,1,OR,Baker,West
Storey,1,OR,Benton,West
Storey,1,OR,Clackamas,West
Storey,1,OR,Clatsop,West
Storey,1,OR,Columbia,West
Storey,1,OR,Coos,West
Storey,1,OR,Crook,West
Storey,1,OR,Curry,West
Storey,1,OR,Deschutes,West
Storey,1,OR,Douglas,West
Storey,1,OR,Gilliam,West
Storey,1,OR,Grant,West
Storey,1,OR,Harney,West
Storey,1,OR,Hood River,West
Storey,1,OR,Jackson,West
Storey,1,OR,Jefferson,West
Storey,1,OR,Josephine,West
Storey,1,OR,Klamath,West
Storey,1,OR,Lake,West
Storey,1,OR,Lane,West
Storey,1,OR,Lincoln,West
Storey,1,OR,Linn,West
Storey,1,OR,Malheur,West
Storey,1,OR,Marion,West
Storey,1,OR,Morrow,West
Storey,1,OR,Multnomah,West
Storey,1,OR,Polk,West
Storey,1,OR,Sherman,West
Storey,1,OR,Tillamook,West
Storey,1,OR,Umatilla,West
Storey,1,OR,Union,West
Storey,1,OR,Wallowa,West
Storey,1,OR,Wasco,West
Storey,1,OR,Washington,West
Storey,1,OR,Wheeler,West
Storey,1,OR,Yamhill,West
Storey,1,UT,Beaver,West
Storey,1,UT,Box Elder,West
Storey,1,UT,Cache,West
Storey,1,UT,Carbon,West
Storey,1,UT,Daggett,West
Storey,1,UT,Davis,West
Storey,1,UT,Duchesne,West
Storey,1,UT,Emery,West
Storey,1,UT,Garfield,West
Storey,1,UT,Grand,West
Storey,1,UT,Iron,West
Storey,1,UT,Juab,West
Storey,1,UT,Kane,West
Storey,1,UT,Millard,West
Storey,1,UT,Morgan,West
Storey,1,UT,Piute,West
Storey,1,UT,Rich,West
Storey,1,UT,Salt Lake,West
Storey,1,UT,San Juan,West
Storey,1,UT,Sanpete,West
Storey,1,UT,Sevier,West
Storey,1,UT,Summit,West
Storey,1,UT,Tooele,West
Storey,1,UT,Uintah,West
Storey,1,UT,Utah,West
Storey,1,UT,Wasatch,West
Storey,1,UT,Washington,West
Storey,1,UT,Wayne,West
Storey,1,UT,Weber,West
Storey,1,WA,Adams,West
Storey,1,WA,Asotin,West
Storey,1,WA,Benton,West
Storey,1,WA,Chelan,West
Storey,1,WA,Clallam,West
Storey,1,WA,Clark,West
Storey,1,WA,Columbia,West
Storey,1,WA,Cowlitz,West
Storey,1,WA,Douglas,West
Storey,1,WA,Ferry,West
Storey,1,WA,Franklin,West
Storey,1,WA,Garfield,West
Storey,1,WA,Grant,West
Storey,1,WA,Grays Harbor,West
Storey,1,WA,Island,West
Storey,1,WA,Jefferson,West
Storey,1,WA,King,West
Storey,1,WA,Kitsap,West
Storey,1,WA,Kittitas,West
Storey,1,WA,Klickitat,West
Storey,1,WA,Lewis,West
Storey,1,WA,Lincoln,West
Storey,1,WA,Mason,West
Storey,1,WA,Okanogan,West
Storey,1,WA,Pacific,West
Storey,1,WA,Pend Oreille,West
Storey,1,WA,Pierce,West
Storey,1,WA,San Juan,West
Storey,1,WA,Skagit,West
Storey,1,WA,Skamania,West
Storey,1,WA,Snohomish,West
Storey,1,WA,Spokane,West
Storey,1,WA,Stevens,West
Storey,1,WA,Thurston,West
Storey,1,WA,Wahkiakum,West
Storey,1,WA,Walla Walla,West
Storey,1,WA,Whatcom,West
Storey,1,WA,Whitman,West
Storey,1,WA,Yakima,West
Storey,2,MN,Aitkin,Upper Midwest
Storey,2,MN,Anoka,Upper Midwest
Storey,2,MN,Becker,Upper Midwest
Storey,2,MN,Beltrami,Upper Midwest
Storey,2,MN,Benton,Upper Midwest
Storey,2,MN,Big Stone,Upper Midwest
Storey,2,MN,Blue Earth,Upper Midwest
Storey,2,MN,Brown,Upper Midwest
Storey,2,MN,Carlton,Upper Midwest
Storey,2,MN,Carver,Upper Midwest
Storey,2,MN,Cass,Upper Midwest
Storey,2,MN,Chippewa,Upper Midwest
Storey,2,MN,Chisago,Upper Midwest
Storey,2,MN,Clay,Upper Midwest
Storey,2,MN,Clearwater,Upper Midwest
Storey,2,MN,Cook,Upper Midwest
Storey,2,MN,Cottonwood,Upper Midwest
Storey,2,MN,Crow Wing,Upper Midwest
Storey,2,MN,Dakota,Upper Midwest
Storey,2,MN,Dodge,Upper Midwest
Storey,2,MN,Douglas,Upper Midwest
Storey,2,MN,Faribault,Upper Midwest
Storey,2,MN,Fillmore,Upper Midwest
Storey,2,MN,Freeborn,Upper Midwest
Storey,2,MN,Goodhue,Upper Midwest
Storey,2,MN,Grant,Upper Midwest
Storey,2,MN,Hennepin,Upper Midwest
Storey,2,MN,Houston,Upper Midwest
Storey,2,MN,Hubbard,Upper Midwest
Storey,2,MN,Isanti,Upper Midwest
Storey,2,MN,Itasca,Upper Midwest
Storey,2,MN,Jackson,Upper Midwest
Storey,2,MN,Kanabec,Upper Midwest
Storey,2,MN,Kandiyohi,Upper Midwest
Storey,2,MN,Kittson,Upper Midwest
Storey,2,MN,Koochiching,Upper Midwest
Storey,2,MN,Lac qui Parle,Upper Midwest
Storey,2,MN,Lake,Upper Midwest
Storey,2,MN,Lake of the Woods,Upper Midwest
Storey,2,MN,LeSueur,Upper Midwest
Storey,2,MN,Lincoln,Upper Midwest
Storey,2,MN,Lyon,Upper Midwest
Storey,2,MN,Mahnomen,Upper Midwest
Storey,2,MN,Marshall,Upper Midwest
Storey,2,MN,Martin,Upper Midwest
Storey,2,MN,McLeod,Upper Midwest
Storey,2,MN,Meeker,Upper Midwest
Storey,2,MN,Mille Lacs,Upper Midwest
Storey,2,MN,Morrison,Upper Midwest
Storey,2,MN,Mower,Upper Midwest
Storey,2,MN,Murray,Upper Midwest
Storey,2,MN,Nicollet,Upper Midwest
Storey,2,MN,Nobles,Upper Midwest
Storey,2,MN,Norman,Upper Midwest
Storey,2,MN,Olmsted,Upper Midwest
Storey,2,MN,Otter Tail,Upper Midwest
Storey,2,MN,Pennington,Upper Midwest
Storey,2,MN,Pine,Upper Midwest
Storey,2,MN,Pipestone,Upper Midwest
Storey,2,MN,Polk,Upper Midwest
Storey,2,MN,Pope,Upper Midwest
Storey,2,MN,Ramsey,Upper Midwest
Storey,2,MN,Red Lake,Upper Midwest
Storey,2,MN,Redwood,Upper Midwest
Storey,2,MN,Renville,Upper Midwest
Storey,2,MN,Rice,Upper Midwest
Storey,2,MN,Rock,Upper Midwest
Storey,2,MN,Roseau,Upper Midwest
Storey,2,MN,Saint Louis,Upper Midwest
Storey,2,MN,Scott,Upper Midwest
Storey,2,MN,Sherburne,Upper Midwest
Storey,2,MN,Sibley,Upper Midwest
Storey,2,MN,Stearns,Upper Midwest
Storey,2,MN,Steele,Upper Midwest
Storey,2,MN,Stevens,Upper Midwest
Storey,2,MN,Swift,Upper Midwest
Storey,2,MN,Todd,Upper Midwest
Storey,2,MN,Traverse,Upper Midwest
Storey,2,MN,Wabasha,Upper Midwest
Storey,2,MN,Wadena,Upper Midwest
Storey,2,MN,Waseca,Upper Midwest
Storey,2,MN,Washington,Upper Midwest
Storey,2,MN,Watonwan,Upper Midwest
Storey,2,MN,Wilkin,Upper Midwest
Storey,2,MN,Winona,Upper Midwest
Storey,2,MN,Wright,Upper Midwest
Storey,2,MN,Yellow Medicine,Upper Midwest
Storey,2,ND,Adams,Upper Midwest
Storey,2,ND,Barnes,Upper Midwest
Storey,2,ND,Benson,Upper Midwest
Storey,2,ND,Billings,Upper Midwest
Storey,2,ND,Bottineau,Upper Midwest
Storey,2,ND,Bowman,Upper Midwest
Storey,2,ND,Burke,Upper Midwest
Storey,2,ND,Burleigh,Upper Midwest
Storey,2,ND,Cass,Upper Midwest
Storey,2,ND,Cavalier,Upper Midwest
Storey,2,ND,Dickey,Upper Midwest
Storey,2,ND,Divide,Upper Midwest
Storey,2,ND,Dunn,Upper Midwest
Storey,2,ND,Eddy,Upper Midwest
Storey,2,ND,Emmons,Upper Midwest
Storey,2,ND,Foster,Upper Midwest
Storey,2,ND,Golden Valley,Upper Midwest
Storey,2,ND,Grand Forks,Upper Midwest
Storey,2,ND,Grant,Upper Midwest
Storey,2,ND,Griggs,Upper Midwest
Storey,2,ND,Hettinger,Upper Midwest
Storey,2,ND,Kidder,Upper Midwest
Storey,2,ND,LaMoure,Upper Midwest
Storey,2,ND,Logan,Upper Midwest
Storey,2,ND,McHenry,Upper Midwest
Storey,2,ND,McIntosh,Upper Midwest
Storey,2,ND,McKenzie,Upper Midwest
Storey,2,ND,McLean,Upper Midwest
Storey,2,ND,Mercer,Upper Midwest
Storey,2,ND,Morton,Upper Midwest
Storey,2,ND,Mountrail,Upper Midwest
Storey,2,ND,Nelson,Upper Midwest
Storey,2,ND,Oliver,Upper Midwest
Storey,2,ND,Pembina,Upper Midwest
Storey,2,ND,Pierce,Upper Midwest
Storey,2,ND,Ramsey,Upper Midwest
Storey,2,ND,Ransom,Upper Midwest
Storey,2,ND,Renville,Upper Midwest
Storey,2,ND,Richland,Upper Midwest
Storey,2,ND,Rolette,Upper Midwest
Storey,2,ND,Sargent,Upper Midwest
Storey,2,ND,Sheridan,Upper Midwest
Storey,2,ND,Sioux,Upper Midwest
Storey,2,ND,Slope,Upper Midwest
Storey,2,ND,Stark,Upper Midwest
Storey,2,ND,Steele,Upper Midwest
Storey,2,ND,Stutsman,Upper Midwest
Storey,2,ND,Towner,Upper Midwest
Storey,2,ND,Traill,Upper Midwest
Storey,2,ND,Walsh,Upper Midwest
Storey,2,ND,Ward,Upper Midwest
Storey,2,ND,Wells,Upper Midwest
Storey,2,ND,Williams,Upper Midwest
Storey,2,SD,Aurora,Upper Midwest
Storey,2,SD,Beadle,Upper Midwest
Storey,2,SD,Bennett,Upper Midwest
Storey,2,SD,Bon Homme,Upper Midwest
Storey,2,SD,Brookings,Upper Midwest
Storey,2,SD,Brown,Upper Midwest
Storey,2,SD,Brule,Upper Midwest
Storey,2,SD,Buffalo,Upper Midwest
Storey,2,SD,Butte,Upper Midwest
Storey,2,SD,Campbell,Upper Midwest
Storey,2,SD,Charles Mix,Upper Midwest
Storey,2,SD,Clark,Upper Midwest
Storey,2,SD,Clay,Upper Midwest
Storey,2,SD,Codington,Upper Midwest
Storey,2,SD,Corson,Upper Midwest
Storey,2,SD,Custer,Upper Midwest
Storey,2,SD,Davison,Upper Midwest
Storey,2,SD,Day,Upper Midwest
Storey,2,SD,Deuel,Upper Midwest
Storey,2,SD,Dewey,Upper Midwest
Storey,2,SD,Douglas,Upper Midwest
Storey,2,SD,Edmunds,Upper Midwest
Storey,2,SD,Fall River,Upper Midwest
Storey,2,SD,Faulk,Upper Midwest
Storey,2,SD,Grant,Upper Midwest
Storey,2,SD,Gregory,Upper Midwest
Storey,2,SD,Haakon,Upper Midwest
Storey,2,SD,Hamlin,Upper Midwest
Storey,2,SD,Hand,Upper Midwest
Storey,2,SD,Hanson,Upper Midwest
Storey,2,SD,Harding,Upper Midwest
Storey,2,SD,Hughes,Upper Midwest
Storey,2,SD,Hutchinson,Upper Midwest
Storey,2,SD,Hyde,Upper Midwest
Storey,2,SD,Jackson,Upper Midwest
Storey,2,SD,Jerauld,Upper Midwest
Storey,2,SD,Jones,Upper Midwest
Storey,2,SD,Kingsbury,Upper Midwest
Storey,2,SD,Lake,Upper Midwest
Storey,2,SD,Lawrence,Upper Midwest
Storey,2,SD,Lincoln,Upper Midwest
Storey,2,SD,Lyman,Upper Midwest
Storey,2,SD,Marshall,Upper Midwest
Storey,2,SD,McCook,Upper Midwest
Storey,2,SD,McPherson,Upper Midwest
Storey,2,SD,Meade,Upper Midwest
Storey,2,SD,Mellette,Upper Midwest
Storey,2,SD,Miner,Upper Midwest
Storey,2,SD,Minnehaha,Upper Midwest
Storey,2,SD,Moody,Upper Midwest
Storey,2,SD,Oglala Lakota,Upper Midwest
Storey,2,SD,Pennington,Upper Midwest
Storey,2,SD,Perkins,Upper Midwest
Storey,2,SD,Potter,Upper Midwest
Storey,2,SD,Roberts,Upper Midwest
Storey,2,SD,Sanborn,Upper Midwest
Storey,2,SD,Spink,Upper Midwest
Storey,2,SD,Stanley,Upper Midwest
Storey,2,SD,Sully,Upper Midwest
Storey,2,SD,Todd,Upper Midwest
Storey,2,SD,Tripp,Upper Midwest
Storey,2,SD,Turner,Upper Midwest
Storey,2,SD,Union,Upper Midwest
Storey,2,SD,Walworth,Upper Midwest
Storey,2,SD,Yankton,Upper Midwest
Storey,2,SD,Ziebach,Upper Midwest
Storey,2,WY,Albany,Upper Midwest
Storey,2,WY,Big Horn,Upper Midwest
Storey,2,WY,Campbell,Upper Midwest
Storey,2,WY,Carbon,Upper Midwest
Storey,2,WY,Converse,Upper Midwest
Storey,2,WY,Crook,Upper Midwest
Storey,2,WY,Fremont,Upper Midwest
Storey,2,WY,Goshen,Upper Midwest
Storey,2,WY,Hot Springs,Upper Midwest
Storey,2,WY,Johnson,Upper Midwest
Storey,2,WY,Laramie,Upper Midwest
Storey,2,WY,Lincoln,Upper Midwest
Storey,2,WY,Natrona,Upper Midwest
Storey,2,WY,Niobrara,Upper Midwest
Storey,2,WY,Park,Upper Midwest
Storey,2,WY,Platte,Upper Midwest
Storey,2,WY,Sheridan,Upper Midwest
Storey,2,WY,Sublette,Upper Midwest
Storey,2,WY,Sweetwater,Upper Midwest
Storey,2,WY,Teton,Upper Midwest
Storey,2,WY,Uinta,Upper Midwest
Storey,2,WY,Washakie,Upper Midwest
Storey,2,WY,Weston,Upper Midwest
Stumpfl,1,OH,Ashland,NE OH/W PA
Stumpfl,1,OH,Ashtabula,NE OH/W PA
Stumpfl,1,OH,Belmont,NE OH/W PA
Stumpfl,1,OH,Carroll,NE OH/W PA
Stumpfl,1,OH,Columbiana,NE OH/W PA
Stumpfl,1,OH,Coshocton,NE OH/W PA
Stumpfl,1,OH,Cuyahoga,NE OH/W PA
Stumpfl,1,OH,Erie,NE OH/W PA
Stumpfl,1,OH,Geauga,NE OH/W PA
Stumpfl,1,OH,Guernsey,NE OH/W PA
Stumpfl,1,OH,Harrison,NE OH/W PA
Stumpfl,1,OH,Holmes,NE OH/W PA
Stumpfl,1,OH,Huron,NE OH/W PA
Stumpfl,1,OH,Jefferson,NE OH/W PA
Stumpfl,1,OH,Lake,NE OH/W PA
Stumpfl,1,OH,Lorain,NE OH/W PA
Stumpfl,1,OH,Mahoning,NE OH/W PA
Stumpfl,1,OH,Medina,NE OH/W PA
Stumpfl,1,OH,Muskingum,NE OH/W PA
Stumpfl,1,OH,Portage,NE OH/W PA
Stumpfl,1,OH,Stark,NE OH/W PA
Stumpfl,1,OH,Summit,NE OH/W PA
Stumpfl,1,OH,Trumbull,NE OH/W PA
Stumpfl,1,OH,Tuscarawas,NE OH/W PA
Stumpfl,1,OH,Wayne,NE OH/W PA
Stumpfl,1,PA,Allegheny,NE OH/W PA
Stumpfl,1,PA,Armstrong,NE OH/W PA
Stumpfl,1,PA,Beaver,NE OH/W PA
Stumpfl,1,PA,Bedford,NE OH/W PA
Stumpfl,1,PA,Blair,NE OH/W PA
Stumpfl,1,PA,Butler,NE OH/W PA
Stumpfl,1,PA,Cambria,NE OH/W PA
Stumpfl,1,PA,Cameron,NE OH/W PA
Stumpfl,1,PA,Centre,NE OH/W PA
Stumpfl,1,PA,Clarion,NE OH/W PA
Stumpfl,1,PA,Clearfield,NE OH/W PA
Stumpfl,1,PA,Clinton,NE OH/W PA
Stumpfl,1,PA,Crawford,NE OH/W PA
Stumpfl,1,PA,Elk,NE OH/W PA
Stumpfl,1,PA,Erie,NE OH/W PA
Stumpfl,1,PA,Fayette,NE OH/W PA
Stumpfl,1,PA,Forest,NE OH/W PA
Stumpfl,1,PA,Fulton,NE OH/W PA
Stumpfl,1,PA,Greene,NE OH/W PA
Stumpfl,1,PA,Huntingdon,NE OH/W PA
Stumpfl,1,PA,Indiana,NE OH/W PA
Stumpfl,1,PA,Jefferson,NE OH/W PA
Stumpfl,1,PA,Lawrence,NE OH/W PA
Stumpfl,1,PA,McKean,NE OH/W PA
Stumpfl,1,PA,Mercer,NE OH/W PA
Stumpfl,1,PA,Potter,NE OH/W PA
Stumpfl,1,PA,Somerset,NE OH/W PA
Stumpfl,1,PA,Venango,NE OH/W PA
Stumpfl,1,PA,Warren,NE OH/W PA
Stumpfl,1,PA,Washington,NE OH/W PA
Stumpfl,1,PA,Westmoreland,NE OH/W PA
Stumpfl,2,KY,Adair,OH/KY/WV
Stumpfl,2,KY,Allen,OH/KY/WV
Stumpfl,2,KY,Anderson,OH/KY/WV
Stumpfl,2,KY,Ballard,OH/KY/WV
Stumpfl,2,KY,Barren,OH/KY/WV
Stumpfl,2,KY,Bath,OH/KY/WV
Stumpfl,2,KY,Bell,OH/KY/WV
Stumpfl,2,KY,Boone,OH/KY/WV
Stumpfl,2,KY,Bourbon,OH/KY/WV
Stumpfl,2,KY,Boyd,OH/KY/WV
Stumpfl,2,KY,Boyle,OH/KY/WV
Stumpfl,2,KY,Bracken,OH/KY/WV
Stumpfl,2,KY,Breathitt,OH/KY/WV
Stumpfl,2,KY,Breckinridge,OH/KY/WV
Stumpfl,2,KY,Bullitt,OH/KY/WV
Stumpfl,2,KY,Butler,OH/KY/WV
Stumpfl,2,KY,Caldwell,OH/KY/WV
Stumpfl,2,KY,Calloway,OH/KY/WV
Stumpfl,2,KY,Campbell,OH/KY/WV
Stumpfl,2,KY,Carlisle,OH/KY/WV
Stumpfl,2,KY,Carroll,OH/KY/WV
Stumpfl,2,KY,Carter,OH/KY/WV
Stumpfl,2,KY,Casey,OH/KY/WV
Stumpfl,2,KY,Christian,OH/KY/WV
Stumpfl,2,KY,Clark,OH/KY/WV
Stumpfl,2,KY,Clay,OH/KY/WV
Stumpfl,2,KY,Clinton,OH/KY/WV
Stumpfl,2,KY,Crittenden,OH/KY/WV
Stumpfl,2,KY,Cumberland,OH/KY/WV
Stumpfl,2,KY,Daviess,OH/KY/WV
Stumpfl,2,KY,Edmonson,OH/KY/WV
Stumpfl,2,KY,Elliott,OH/KY/WV
Stumpfl,2,KY,Estill,OH/KY/WV
Stumpfl,2,KY,Fayette,OH/KY/WV
Stumpfl,2,KY,Fleming,OH/KY/WV
Stumpfl,2,KY,Floyd,OH/KY/WV
Stumpfl,2,KY,Franklin,OH/KY/WV
Stumpfl,2,KY,Fulton,OH/KY/WV
Stumpfl,2,KY,Gallatin,OH/KY/WV
Stumpfl,2,KY,Garrard,OH/KY/WV
Stumpfl,2,KY,Grant,OH/KY/WV
Stumpfl,2,KY,Graves,OH/KY/WV
Stumpfl,2,KY,Grayson,OH/KY/WV
Stumpfl,2,KY,Green,OH/KY/WV
Stumpfl,2,KY,Greenup,OH/KY/WV
Stumpfl,2,KY,Hancock,OH/KY/WV
Stumpfl,2,KY,Hardin,OH/KY/WV
Stumpfl,2,KY,Harlan,OH/KY/WV
Stumpfl,2,KY,Harrison,OH/KY/WV
Stumpfl,2,KY,Hart,OH/KY/WV
Stumpfl,2,KY,Henderson,OH/KY/WV
Stumpfl,2,KY,Henry,OH/KY/WV
Stumpfl,2,KY,Hickman,OH/KY/WV
Stumpfl,2,KY,Hopkins,OH/KY/WV
Stumpfl,2,KY,Jackson,OH/KY/WV
Stumpfl,2,KY,Jefferson,OH/KY/WV
Stumpfl,2,KY,Jessamine,OH/KY/WV
Stumpfl,2,KY,Johnson,OH/KY/WV
Stumpfl,2,KY,Kenton,OH/KY/WV
Stumpfl,2,KY,Knott,OH/KY/WV
Stumpfl,2,KY,Knox,OH/KY/WV
Stumpfl,2,KY,LaRue,OH/KY/WV
Stumpfl,2,KY,Laurel,OH/KY/WV
Stumpfl,2,KY,Lawrence,OH/KY/WV
Stumpfl,2,KY,Lee,OH/KY/WV
Stumpfl,2,KY,Leslie,OH/KY/WV
Stumpfl,2,KY,Letcher,OH/KY/WV
Stumpfl,2,KY,Lewis,OH/KY/WV
Stumpfl,2,KY,Lincoln,OH/KY/WV
Stumpfl,2,KY,Livingston,OH/KY/WV
Stumpfl,2,KY,Logan,OH/KY/WV
Stumpfl,2,KY,Lyon,OH/KY/WV
Stumpfl,2,KY,Madison,OH/KY/WV
Stumpfl,2,KY,Magoffin,OH/KY/WV
Stumpfl,2,KY,Marion,OH/KY/WV
Stumpfl,2,KY,Marshall,OH/KY/WV
Stumpfl,2,KY,Martin,OH/KY/WV
Stumpfl,2,KY,Mason,OH/KY/WV
Stumpfl,2,KY,McCracken,OH/KY/WV
Stumpfl,2,KY,McCreary,OH/KY/WV
Stumpfl,2,KY,McLean,OH/KY/WV
Stumpfl,2,KY,Meade,OH/KY/WV
Stumpfl,2,KY,Menifee,OH/KY/WV
Stumpfl,2,KY,Mercer,OH/KY/WV
Stumpfl,2,KY,Metcalfe,OH/KY/WV
Stumpfl,2,KY,Monroe,OH/KY/WV
Stumpfl,2,KY,Montgomery,OH/KY/WV
Stumpfl,2,KY,Morgan,OH/KY/WV
Stumpfl,2,KY,Muhlenberg,OH/KY/WV
Stumpfl,2,KY,Nelson,OH/KY/WV
Stumpfl,2,KY,Nicholas,OH/KY/WV
Stumpfl,2,KY,Ohio,OH/KY/WV
Stumpfl,2,KY,Oldham,OH/KY/WV
Stumpfl,2,KY,Owen,OH/KY/WV
Stumpfl,2,KY,Owsley,OH/KY/WV
Stumpfl,2,KY,Pendleton,OH/KY/WV
Stumpfl,2,KY,Perry,OH/KY/WV
Stumpfl,2,KY,Pike,OH/KY/WV
Stumpfl,2,KY,Powell,OH/KY/WV
Stumpfl,2,KY,Pulaski,OH/KY/WV
Stumpfl,2,KY,Robertson,OH/KY/WV
Stumpfl,2,KY,Rockcastle,OH/KY/WV
Stumpfl,2,KY,Rowan,OH/KY/WV
Stumpfl,2,KY,Russell,OH/KY/WV
Stumpfl,2,KY,Scott,OH/KY/WV
Stumpfl,2,KY,Shelby,OH/KY/WV
Stumpfl,2,KY,Simpson,OH/KY/WV
Stumpfl,2,KY,Spencer,OH/KY/WV
Stumpfl,2,KY,Taylor,OH/KY/WV
Stumpfl,2,KY,Todd,OH/KY/WV
Stumpfl,2,KY,Trigg,OH/KY/WV
Stumpfl,2,KY,Trimble,OH/KY/WV
Stumpfl,2,KY,Union,OH/KY/WV
Stumpfl,2,KY,Warren,OH/KY/WV
Stumpfl,2,KY,Washington,OH/KY/WV
Stumpfl,2,KY,Wayne,OH/KY/WV
Stumpfl,2,KY,Webster,OH/KY/WV
Stumpfl,2,KY,Whitley,OH/KY/WV
Stumpfl,2,KY,Wolfe,OH/KY/WV
Stumpfl,2,KY,Woodford,OH/KY/WV
Stumpfl,2,OH,Adams,OH/KY/WV
Stumpfl,2,OH,Allen,OH/KY/WV
Stumpfl,2,OH,Athens,OH/KY/WV
Stumpfl,2,OH,Auglaize,OH/KY/WV
Stumpfl,2,OH,Brown,OH/KY/WV
Stumpfl,2,OH,Butler,OH/KY/WV
Stumpfl,2,OH,Champaign,OH/KY/WV
Stumpfl,2,OH,Clark,OH/KY/WV
Stumpfl,2,OH,Clermont,OH/KY/WV
Stumpfl,2,OH,Clinton,OH/KY/WV
Stumpfl,2,OH,Crawford,OH/KY/WV
Stumpfl,2,OH,Darke,OH/KY/WV
Stumpfl,2,OH,Defiance,OH/KY/WV
Stumpfl,2,OH,Delaware,OH/KY/WV
Stumpfl,2,OH,Fairfield,OH/KY/WV
Stumpfl,2,OH,Fayette,OH/KY/WV
Stumpfl,2,OH,Franklin,OH/KY/WV
Stumpfl,2,OH,Fulton,OH/KY/WV
Stumpfl,2,OH,Gallia,OH/KY/WV
Stumpfl,2,OH,Greene,OH/KY/WV
Stumpfl,2,OH,Hamilton,OH/KY/WV
Stumpfl,2,OH,Hancock,OH/KY/WV
Stumpfl,2,OH,Hardin,OH/KY/WV
Stumpfl,2,OH,Henry,OH/KY/WV
Stumpfl,2,OH,Highland,OH/KY/WV
Stumpfl,2,OH,Hocking,OH/KY/WV
Stumpfl,2,OH,Jackson,OH/KY/WV
Stumpfl,2,OH,Knox,OH/KY/WV
Stumpfl,2,OH,Lawrence,OH/KY/WV
Stumpfl,2,OH,Licking,OH/KY/WV
Stumpfl,2,OH,Logan,OH/KY/WV
Stumpfl,2,OH,Lucas,OH/KY/WV
Stumpfl,2,OH,Madison,OH/KY/WV
Stumpfl,2,OH,Marion,OH/KY/WV
Stumpfl,2,OH,Meigs,OH/KY/WV
Stumpfl,2,OH,Mercer,OH/KY/WV
Stumpfl,2,OH,Miami,OH/KY/WV
Stumpfl,2,OH,Monroe,OH/KY/WV
Stumpfl,2,OH,Montgomery,OH/KY/WV
Stumpfl,2,OH,Morgan,OH/KY/WV
Stumpfl,2,OH,Morrow,OH/KY/WV
Stumpfl,2,OH,Noble,OH/KY/WV
Stumpfl,2,OH,Ottawa,OH/KY/WV
Stumpfl,2,OH,Paulding,OH/KY/WV
Stumpfl,2,OH,Perry,OH/KY/WV
Stumpfl,2,OH,Pickaway,OH/KY/WV
Stumpfl,2,OH,Pike,OH/KY/WV
Stumpfl,2,OH,Preble,OH/KY/WV
Stumpfl,2,OH,Putnam,OH/KY/WV
Stumpfl,2,OH,Richland,OH/KY/WV
Stumpfl,2,OH,Ross,OH/KY/WV
Stumpfl,2,OH,Sandusky,OH/KY/WV
Stumpfl,2,OH,Scioto,OH/KY/WV
Stumpfl,2,OH,Seneca,OH/KY/WV
Stumpfl,2,OH,Shelby,OH/KY/WV
Stumpfl,2,OH,Union,OH/KY/WV
Stumpfl,2,OH,Van Wert,OH/KY/WV
Stumpfl,2,OH,Vinton,OH/KY/WV
Stumpfl,2,OH,Warren,OH/KY/WV
Stumpfl,2,OH,Washington,OH/KY/WV
Stumpfl,2,OH,Williams,OH/KY/WV
Stumpfl,2,OH,Wood,OH/KY/WV
Stumpfl,2,OH,Wyandot,OH/KY/WV
Stumpfl,2,WV,Barbour,OH/KY/WV
Stumpfl,2,WV,Berkeley,OH/KY/WV
Stumpfl,2,WV,Boone,OH/KY/WV
Stumpfl,2,WV,Braxton,OH/KY/WV
Stumpfl,2,WV,Brooke,OH/KY/WV
Stumpfl,2,WV,Cabell,OH/KY/WV
Stumpfl,2,WV,Calhoun,OH/KY/WV
Stumpfl,2,WV,Clay,OH/KY/WV
Stumpfl,2,WV,Doddridge,OH/KY/WV
Stumpfl,2,WV,Fayette,OH/KY/WV
Stumpfl,2,WV,Gilmer,OH/KY/WV
Stumpfl,2,WV,Grant,OH/KY/WV
Stumpfl,2,WV,Greenbrier,OH/KY/WV
Stumpfl,2,WV,Hampshire,OH/KY/WV
Stumpfl,2,WV,Hancock,OH/KY/WV
Stumpfl,2,WV,Hardy,OH/KY/WV
Stumpfl,2,WV,Harrison,OH/KY/WV
Stumpfl,2,WV,Jackson,OH/KY/WV
Stumpfl,2,WV,Jefferson,OH/KY/WV
Stumpfl,2,WV,Kanawha,OH/KY/WV
Stumpfl,2,WV,Lewis,OH/KY/WV
Stumpfl,2,WV,Lincoln,OH/KY/WV
Stumpfl,2,WV,Logan,OH/KY/WV
Stumpfl,2,WV,Marion,OH/KY/WV
Stumpfl,2,WV,Marshall,OH/KY/WV
Stumpfl,2,WV,Mason,OH/KY/WV
Stumpfl,2,WV,McDowell,OH/KY/WV
Stumpfl,2,WV,Mercer,OH/KY/WV
Stumpfl,2,WV,Mineral,OH/KY/WV
Stumpfl,2,WV,Mingo,OH/KY/WV
Stumpfl,2,WV,Monongalia,OH/KY/WV
Stumpfl,2,WV,Monroe,OH/KY/WV
Stumpfl,2,WV,Morgan,OH/KY/WV
Stumpfl,2,WV,Nicholas,OH/KY/WV
Stumpfl,2,WV,Ohio,OH/KY/WV
Stumpfl,2,WV,Pendleton,OH/KY/WV
Stumpfl,2,WV,Pleasants,OH/KY/WV
Stumpfl,2,WV,Pocahontas,OH/KY/WV
Stumpfl,2,WV,Preston,OH/KY/WV
Stumpfl,2,WV,Putnam,OH/KY/WV
Stumpfl,2,WV,Raleigh,OH/KY/WV
Stumpfl,2,WV,Randolph,OH/KY/WV
Stumpfl,2,WV,Ritchie,OH/KY/WV
Stumpfl,2,WV,Roane,OH/KY/WV
Stumpfl,2,WV,Summers,OH/KY/WV
Stumpfl,2,WV,Taylor,OH/KY/WV
Stumpfl,2,WV,Tucker,OH/KY/WV
Stumpfl,2,WV,Tyler,OH/KY/WV
Stumpfl,2,WV,Upshur,OH/KY/WV
Stumpfl,2,WV,Wayne,OH/KY/WV
Stumpfl,2,WV,Webster,OH/KY/WV
Stumpfl,2,WV,Wetzel,OH/KY/WV
Stumpfl,2,WV,Wirt,OH/KY/WV
Stumpfl,2,WV,Wood,OH/KY/WV
Stumpfl,2,WV,Wyoming,OH/KY/WV
Welday,1,IL,Boone,Chicago/WI
Welday,1,IL,Carroll,Chicago/WI
Welday,1,IL,Cook,Chicago/WI
Welday,1,IL,DeKalb,Chicago/WI
Welday,1,IL,DuPage,Chicago/WI
Welday,1,IL,Jo Daviess,Chicago/WI
Welday,1,IL,Kane,Chicago/WI
Welday,1,IL,Lake,Chicago/WI
Welday,1,IL,McHenry,Chicago/WI
Welday,1,IL,Ogle,Chicago/WI
Welday,1,IL,Stephenson,Chicago/WI
Welday,1,IL,Winnebago,Chicago/WI
Welday,1,WI,Adams,Chicago/WI
Welday,1,WI,Ashland,Chicago/WI
Welday,1,WI,Barron,Chicago/WI
Welday,1,WI,Bayfield,Chicago/WI
Welday,1,WI,Brown,Chicago/WI
Welday,1,WI,Buffalo,Chicago/WI
Welday,1,WI,Burnett,Chicago/WI
Welday,1,WI,Calumet,Chicago/WI
Welday,1,WI,Chippewa,Chicago/WI
Welday,1,WI,Clark,Chicago/WI
Welday,1,WI,Columbia,Chicago/WI
Welday,1,WI,Crawford,Chicago/WI
Welday,1,WI,Dane,Chicago/WI
Welday,1,WI,Dodge,Chicago/WI
Welday,1,WI,Door,Chicago/WI
Welday,1,WI,Douglas,Chicago/WI
Welday,1,WI,Dunn,Chicago/WI
Welday,1,WI,Eau Claire,Chicago/WI
Welday,1,WI,Florence,Chicago/WI
Welday,1,WI,Fond du Lac,Chicago/WI
Welday,1,WI,Forest,Chicago/WI
Welday,1,WI,Grant,Chicago/WI
Welday,1,WI,Green,Chicago/WI
Welday,1,WI,Green Lake,Chicago/WI
Welday,1,WI,Iowa,Chicago/WI
Welday,1,WI,Iron,Chicago/WI
Welday,1,WI,Jackson,Chicago/WI
Welday,1,WI,Jefferson,Chicago/WI
Welday,1,WI,Juneau,Chicago/WI
Welday,1,WI,Kenosha,Chicago/WI
Welday,1,WI,Kewaunee,Chicago/WI
Welday,1,WI,La Crosse,Chicago/WI
Welday,1,WI,Lafayette,Chicago/WI
Welday,1,WI,Langlade,Chicago/WI
Welday,1,WI,Lincoln,Chicago/WI
Welday,1,WI,Manitowoc,Chicago/WI
Welday,1,WI,Marathon,Chicago/WI
Welday,1,WI,Marinette,Chicago/WI
Welday,1,WI,Marquette,Chicago/WI
Welday,1,WI,Menominee,Chicago/WI
Welday,1,WI,Milwaukee,Chicago/WI
Welday,1,WI,Monroe,Chicago/WI
Welday,1,WI,Oconto,Chicago/WI
Welday,1,WI,Oneida,Chicago/WI
Welday,1,WI,Outagamie,Chicago/WI
Welday,1,WI,Ozaukee,Chicago/WI
Welday,1,WI,Pepin,Chicago/WI
Welday,1,WI,Pierce,Chicago/WI
Welday,1,WI,Polk,Chicago/WI
Welday,1,WI,Portage,Chicago/WI
Welday,1,WI,Price,Chicago/WI
Welday,1,WI,Racine,Chicago/WI
Welday,1,WI,Richland,Chicago/WI
Welday,1,WI,Rock,Chicago/WI
Welday,1,WI,Rusk,Chicago/WI
Welday,1,WI,Saint Croix,Chicago/WI
Welday,1,WI,Sauk,Chicago/WI
Welday,1,WI,Sawyer,Chicago/WI
Welday,1,WI,Shawano,Chicago/WI
Welday,1,WI,Sheboygan,Chicago/WI
Welday,1,WI,Taylor,Chicago/WI
Welday,1,WI,Trempealeau,Chicago/WI
Welday,1,WI,Vernon,Chicago/WI
Welday,1,WI,Vilas,Chicago/WI
Welday,1,WI,Walworth,Chicago/WI
Welday,1,WI,Washburn,Chicago/WI
Welday,1,WI,Washington,Chicago/WI
Welday,1,WI,Waukesha,Chicago/WI
Welday,1,WI,Waupaca,Chicago/WI
Welday,1,WI,Waushara,Chicago/WI
Welday,1,WI,Winnebago,Chicago/WI
Welday,1,WI,Wood,Chicago/WI
Welday,2,IN,Adams,IN/MI
Welday,2,IN,Allen,IN/MI
Welday,2,IN,Bartholomew,IN/MI
Welday,2,IN,Benton,IN/MI
Welday,2,IN,Blackford,IN/MI
Welday,2,IN,Boone,IN/MI
Welday,2,IN,Brown,IN/MI
Welday,2,IN,Carroll,IN/MI
Welday,2,IN,Cass,IN/MI
Welday,2,IN,Clark,IN/MI
Welday,2,IN,Clay,IN/MI
Welday,2,IN,Clinton,IN/MI
Welday,2,IN,Crawford,IN/MI
Welday,2,IN,Daviess,IN/MI
Welday,2,IN,Dearborn,IN/MI
Welday,2,IN,Decatur,IN/MI
Welday,2,IN,DeKalb,IN/MI
Welday,2,IN,Delaware,IN/MI
Welday,2,IN,Dubois,IN/MI
Welday,2,IN,Elkhart,IN/MI
Welday,2,IN,Fayette,IN/MI
Welday,2,IN,Floyd,IN/MI
Welday,2,IN,Fountain,IN/MI
Welday,2,IN,Franklin,IN/MI
Welday,2,IN,Fulton,IN/MI
Welday,2,IN,Gibson,IN/MI
Welday,2,IN,Grant,IN/MI
Welday,2,IN,Greene,IN/MI
Welday,2,IN,Hamilton,IN/MI
Welday,2,IN,Hancock,IN/MI
Welday,2,IN,Harrison,IN/MI
Welday,2,IN,Hendricks,IN/MI
Welday,2,IN,Henry,IN/MI
Welday,2,IN,Howard,IN/MI
Welday,2,IN,Huntington,IN/MI
Welday,2,IN,Jackson,IN/MI
Welday,2,IN,Jasper,IN/MI
Welday,2,IN,Jay,IN/MI
Welday,2,IN,Jefferson,IN/MI
Welday,2,IN,Jennings,IN/MI
Welday,2,IN,Johnson,IN/MI
Welday,2,IN,Knox,IN/MI
Welday,2,IN,Kosciusko,IN/MI
Welday,2,IN,LaGrange,IN/MI
Welday,2,IN,Lake,IN/MI
Welday,2,IN,LaPorte,IN/MI
Welday,2,IN,Lawrence,IN/MI
Welday,2,IN,Madison,IN/MI
Welday,2,IN,Marion,IN/MI
Welday,2,IN,Marshall,IN/MI
Welday,2,IN,Martin,IN/MI
Welday,2,IN,Miami,IN/MI
Welday,2,IN,Monroe,IN/MI
Welday,2,IN,Montgomery,IN/MI
Welday,2,IN,Morgan,IN/MI
Welday,2,IN,Newton,IN/MI
Welday,2,IN,Noble,IN/MI
Welday,2,IN,Ohio,IN/MI
Welday,2,IN,Orange,IN/MI
Welday,2,IN,Owen,IN/MI
Welday,2,IN,Parke,IN/MI
Welday,2,IN,Perry,IN/MI
Welday,2,IN,Pike,IN/MI
Welday,2,IN,Porter,IN/MI
Welday,2,IN,Posey,IN/MI
Welday,2,IN,Pulaski,IN/MI
Welday,2,IN,Putnam,IN/MI
Welday,2,IN,Randolph,IN/MI
Welday,2,IN,Ripley,IN/MI
Welday,2,IN,Rush,IN/MI
Welday,2,IN,Saint Joseph,IN/MI
Welday,2,IN,Scott,IN/MI
Welday,2,IN,Shelby,IN/MI
Welday,2,IN,Spencer,IN/MI
Welday,2,IN,Starke,IN/MI
Welday,2,IN,Steuben,IN/MI
Welday,2,IN,Sullivan,IN/MI
Welday,2,IN,Switzerland,IN/MI
Welday,2,IN,Tippecanoe,IN/MI
Welday,2,IN,Tipton,IN/MI
Welday,2,IN,Union,IN/MI
Welday,2,IN,Vanderburgh,IN/MI
Welday,2,IN,Vermillion,IN/MI
Welday,2,IN,Vigo,IN/MI
Welday,2,IN,Wabash,IN/MI
Welday,2,IN,Warren,IN/MI
Welday,2,IN,Warrick,IN/MI
Welday,2,IN,Washington,IN/MI
Welday,2,IN,Wayne,IN/MI
Welday,2,IN,Wells,IN/MI
Welday,2,IN,White,IN/MI
Welday,2,IN,Whitley,IN/MI
Welday,2,MI,Alcona,IN/MI
Welday,2,MI,Alger,IN/MI
Welday,2,MI,Allegan,IN/MI
Welday,2,MI,Alpena,IN/MI
Welday,2,MI,Antrim,IN/MI
Welday,2,MI,Arenac,IN/MI
Welday,2,MI,Baraga,IN/MI
Welday,2,MI,Barry,IN/MI
Welday,2,MI,Bay,IN/MI
Welday,2,MI,Benzie,IN/MI
Welday,2,MI,Berrien,IN/MI
Welday,2,MI,Branch,IN/MI
Welday,2,MI,Calhoun,IN/MI
Welday,2,MI,Cass,IN/MI
Welday,2,MI,Charlevoix,IN/MI
Welday,2,MI,Cheboygan,IN/MI
Welday,2,MI,Chippewa,IN/MI
Welday,2,MI,Clare,IN/MI
Welday,2,MI,Clinton,IN/MI
Welday,2,MI,Crawford,IN/MI
Welday,2,MI,Delta,IN/MI
Welday,2,MI,Dickinson,IN/MI
Welday,2,MI,Eaton,IN/MI
Welday,2,MI,Emmet,IN/MI
Welday,2,MI,Genesee,IN/MI
Welday,2,MI,Gladwin,IN/MI
Welday,2,MI,Gogebic,IN/MI
Welday,2,MI,Grand Traverse,IN/MI
Welday,2,MI,Gratiot,IN/MI
Welday,2,MI,Hillsdale,IN/MI
Welday,2,MI,Houghton,IN/MI
Welday,2,MI,Huron,IN/MI
Welday,2,MI,Ingham,IN/MI
Welday,2,MI,Ionia,IN/MI
Welday,2,MI,Iosco,IN/MI
Welday,2,MI,Iron,IN/MI
Welday,2,MI,Isabella,IN/MI
Welday,2,MI,Jackson,IN/MI
Welday,2,MI,Kalamazoo,IN/MI
Welday,2,MI,Kalkaska,IN/MI
Welday,2,MI,Kent,IN/MI
Welday,2,MI,Keweenaw,IN/MI
Welday,2,MI,Lake,IN/MI
Welday,2,MI,Lapeer,IN/MI
Welday,2,MI,Leelanau,IN/MI
Welday,2,MI,Lenawee,IN/MI
Welday,2,MI,Livingston,IN/MI
Welday,2,MI,Luce,IN/MI
Welday,2,MI,Mackinac,IN/MI
Welday,2,MI,Macomb,IN/MI
Welday,2,MI,Manistee,IN/MI
Welday,2,MI,Marquette,IN/MI
Welday,2,MI,Mason,IN/MI
Welday,2,MI,Mecosta,IN/MI
Welday,2,MI,Menominee,IN/MI
Welday,2,MI,Midland,IN/MI
Welday,2,MI,Missaukee,IN/MI
Welday,2,MI,Monroe,IN/MI
Welday,2,MI,Montcalm,IN/MI
Welday,2,MI,Montmorency,IN/MI
Welday,2,MI,Muskegon,IN/MI
Welday,2,MI,Newaygo,IN/MI
Welday,2,MI,Oakland,IN/MI
Welday,2,MI,Oceana,IN/MI
Welday,2,MI,Ogemaw,IN/MI
Welday,2,MI,Ontonagon,IN/MI
Welday,2,MI,Osceola,IN/MI
Welday,2,MI,Oscoda,IN/MI
Welday,2,MI,Otsego,IN/MI
Welday,2,MI,Ottawa,IN/MI
Welday,2,MI,Presque Isle,IN/MI
Welday,2,MI,Roscommon,IN/MI
Welday,2,MI,Saginaw,IN/MI
Welday,2,MI,Saint Clair,IN/MI
Welday,2,MI,Saint Joseph,IN/MI
Welday,2,MI,Sanilac,IN/MI
Welday,2,MI,Schoolcraft,IN/MI
Welday,2,MI,Shiawassee,IN/MI
Welday,2,MI,Tuscola,IN/MI
Welday,2,MI,Van Buren,IN/MI
Welday,2,MI,Washtenaw,IN/MI
Welday,2,MI,Wayne,IN/MI
Welday,2,MI,Wexford,IN/MI
Lewis,2,NE,ALL,Plains
