Webscraping Testing,
Agency/Broker,URL
Conner Strong & Buckelew,https://www.connerstrong.com/
Heffernan Insurance Brokers,https://www.heffins.com/
Leavitt Group,https://www.leavitt.com/
IOA,https://ioausa.com/
Interwest Insurance Services,https://www.iwins.com/
USI,https://www.usi.com/
The Partners Group,https://www.thepartnersgroup.com/
Ellerbrock Norris ,https://www.ellerbrock-norris.com/
Ryder Rosacker ,https://www.ryderinsurance.com/
Miller Ferrell ,https://millerfarrell.com/
North Risk ,https://northriskpartners.com/
Highstreet ,https://www.hsip.com/
